ID_CDM,Macro_caja,Flujo,COLABORADOR,Iniciado vs Finalizado,fecha_finalizacion,hora_primer_asignacion,hora_finalizacion,duración,Link caso,Comentario tl
17283527,DEMANDA,SCP,ext_matvalle,mismo dia,20 abr 2026,9:43:29,9:43:33,0:00:04,CBT3912913518,
17283536,DEMANDA,SCP,ext_matvalle,mismo dia,20 abr 2026,9:43:33,9:43:38,0:00:05,MLA1751710941,
17283540,DEMANDA,SCP,ext_matvalle,mismo dia,20 abr 2026,9:43:38,9:43:45,0:00:07,CBT3909299590,
17283586,DEMANDA,SCP,ext_matvalle,mismo dia,20 abr 2026,9:44:32,9:44:38,0:00:06,MLM5168516782,
17283708,DEMANDA,SDC,ext_matvalle,mismo dia,20 abr 2026,9:44:38,9:48:37,0:03:59,MLAS405888516,
17283799,DEMANDA,SCP,ext_matvalle,mismo dia,20 abr 2026,9:49:45,9:49:51,0:00:06,MLB4616253423,
17283867,DEMANDA,SDC,ext_matvalle,mismo dia,20 abr 2026,9:49:51,9:50:24,0:00:33,MLBS405894060,
17283874,DEMANDA,SDC,ext_matvalle,mismo dia,20 abr 2026,9:50:24,9:50:56,0:00:32,MLBS405706339,
17283831,DEMANDA,SCP,ext_matvalle,mismo dia,20 abr 2026,9:50:56,9:51:01,0:00:05,MLM5206714206,
17283835,DEMANDA,SCP,ext_matvalle,mismo dia,20 abr 2026,9:51:01,9:51:13,0:00:12,CBT3914330508,
17283840,DEMANDA,SCP,ext_matvalle,mismo dia,20 abr 2026,9:51:13,9:51:18,0:00:05,MLB4615378935,
17283846,DEMANDA,SCP,ext_matvalle,mismo dia,20 abr 2026,9:51:18,9:51:24,0:00:06,CBT3908259640,
17284619,DEMANDA,SCP,ext_matvalle,mismo dia,20 abr 2026,9:56:32,9:56:38,0:00:06,MLM5206384480,
17284628,DEMANDA,SCP,ext_matvalle,mismo dia,20 abr 2026,9:56:38,9:56:43,0:00:05,CBT3909494640,
17284710,DEMANDA,SCP,ext_matvalle,mismo dia,20 abr 2026,9:58:10,9:58:16,0:00:06,CBT3914330522,
17284715,DEMANDA,SCP,ext_matvalle,mismo dia,20 abr 2026,9:58:16,9:58:21,0:00:05,MLA3206920526,
17284716,DEMANDA,SCP,ext_matvalle,mismo dia,20 abr 2026,9:58:22,10:30:30,0:32:08,MLA3207447458,
17286996,DEMANDA,SCP,ext_matvalle,mismo dia,20 abr 2026,10:36:32,10:36:38,0:00:06,MLB6640124262,
17287083,DEMANDA,SDC,ext_matvalle,mismo dia,20 abr 2026,10:38:05,10:38:47,0:00:42,MLMS406021688,
17287769,DEMANDA,SCP,ext_matvalle,mismo dia,20 abr 2026,10:45:05,10:45:11,0:00:06,MLM5211057364,
17288125,DEMANDA,SDC,ext_matvalle,mismo dia,20 abr 2026,10:47:08,10:48:11,0:01:03,MLBS406040548,
17288293,DEMANDA,SDC,ext_matvalle,mismo dia,20 abr 2026,10:48:31,10:48:59,0:00:28,MLBS406043064,
17288288,DEMANDA,SDC,ext_matvalle,mismo dia,20 abr 2026,10:48:59,10:49:49,0:00:50,MLBS405853649,
17288202,DEMANDA,SCP,ext_matvalle,mismo dia,20 abr 2026,10:49:49,10:49:58,0:00:09,MLB4618405639,
17288405,DEMANDA,SDC,ext_matvalle,mismo dia,20 abr 2026,10:49:58,10:50:39,0:00:41,MLBS406044752,
17288612,DEMANDA,SDC,ext_matvalle,mismo dia,20 abr 2026,10:54:02,10:55:00,0:00:58,MLAS405862475,
17288683,DEMANDA,SDC,ext_matvalle,mismo dia,20 abr 2026,10:55:00,10:55:41,0:00:41,MCOS406053826,
17288714,DEMANDA,SDC,ext_matvalle,mismo dia,20 abr 2026,10:55:55,10:56:12,0:00:17,MLBS405866585,
17288719,DEMANDA,SDC,ext_matvalle,mismo dia,20 abr 2026,10:56:12,10:56:44,0:00:32,MPES405867049,
17288727,DEMANDA,SDC,ext_matvalle,mismo dia,20 abr 2026,10:56:44,10:58:19,0:01:35,MLBS406056522,
17288691,DEMANDA,SCP,ext_matvalle,mismo dia,20 abr 2026,10:58:19,11:34:55,0:36:36,CBT3914720568,
17292138,DEMANDA,SCP,ext_matvalle,mismo dia,20 abr 2026,11:34:55,11:35:00,0:00:05,MLB4619532271,
17295393,DEMANDA,SDC,ext_matvalle,mismo dia,20 abr 2026,11:35:00,11:35:51,0:00:51,MLMS405945353,
17292192,DEMANDA,SCP,ext_matvalle,mismo dia,20 abr 2026,11:37:49,11:37:56,0:00:07,MLM2876497041,
17292200,DEMANDA,SCP,ext_matvalle,mismo dia,20 abr 2026,11:37:56,11:38:02,0:00:06,CBT3914720668,
17292204,DEMANDA,SCP,ext_matvalle,mismo dia,20 abr 2026,11:38:02,11:38:08,0:00:06,MLM2876458461,
17292206,DEMANDA,SCP,ext_matvalle,mismo dia,20 abr 2026,11:38:08,11:38:13,0:00:05,MLC1931460619,
17292211,DEMANDA,SCP,ext_matvalle,mismo dia,20 abr 2026,11:38:13,11:38:19,0:00:06,MLC1931460625,
17292216,DEMANDA,SCP,ext_matvalle,mismo dia,20 abr 2026,11:38:19,11:38:23,0:00:04,MLM2876459179,
17293204,DEMANDA,SCP,ext_matvalle,mismo dia,20 abr 2026,11:38:23,11:38:29,0:00:06,MLM2876497791,
17293207,DEMANDA,SCP,ext_matvalle,mismo dia,20 abr 2026,11:38:29,11:38:34,0:00:05,MLM2876749413,
17293210,DEMANDA,SCP,ext_matvalle,mismo dia,20 abr 2026,11:38:35,11:38:40,0:00:05,MLB6596820512,
17296729,DEMANDA,SDC,ext_matvalle,mismo dia,20 abr 2026,11:38:40,11:39:10,0:00:30,MLBS406135706,
17299503,DEMANDA,SDC,ext_matvalle,mismo dia,20 abr 2026,11:47:37,11:48:03,0:00:26,MLBS406137722,
17296733,DEMANDA,SCP,ext_matvalle,mismo dia,20 abr 2026,11:48:03,11:48:09,0:00:06,MLM5214754828,
17296735,DEMANDA,SCP,ext_matvalle,mismo dia,20 abr 2026,11:48:09,12:00:15,0:12:06,MLM5215215484,
17300303,DEMANDA,SDC,ext_matvalle,mismo dia,20 abr 2026,12:00:15,12:00:33,0:00:18,MLBS405952059,
17300374,DEMANDA,SDC,ext_matvalle,mismo dia,20 abr 2026,12:01:25,12:01:39,0:00:14,MLBS406141592,
17300376,DEMANDA,SDC,ext_matvalle,mismo dia,20 abr 2026,12:01:40,12:02:01,0:00:21,MLAS405952875,
17300337,DEMANDA,SDC,ext_matvalle,mismo dia,20 abr 2026,12:02:43,12:03:02,0:00:19,MLBS406141952,
17300404,DEMANDA,SDC,ext_matvalle,mismo dia,20 abr 2026,12:03:02,12:03:33,0:00:31,MLBS406142234,
17300000,DEMANDA,SCP,ext_matvalle,mismo dia,20 abr 2026,12:03:33,12:03:38,0:00:05,MLB4620198921,
17300896,DEMANDA,SDC,ext_matvalle,mismo dia,20 abr 2026,12:05:28,12:05:52,0:00:24,MLBS405955531,
17300339,DEMANDA,SCP,ext_matvalle,mismo dia,20 abr 2026,12:06:16,12:06:22,0:00:06,MLB6645474164,
17300686,DEMANDA,SCP,ext_matvalle,mismo dia,20 abr 2026,12:08:07,12:08:13,0:00:06,MLB6645479032,
17300696,DEMANDA,SCP,ext_matvalle,mismo dia,20 abr 2026,12:08:13,12:08:18,0:00:05,MLB6645478234,
17300775,DEMANDA,SCP,ext_matvalle,mismo dia,20 abr 2026,12:11:20,12:11:26,0:00:06,MLB4620472265,
17302054,DEMANDA,ENHANCED CONTENT,ext_matvalle,mismo dia,20 abr 2026,12:11:27,12:11:43,0:00:16,https://catalog-domains.adminml.com/catalogo/marcas/plantillas/revisor/e3a731c7-3c80-49ec-bae0-ffb8f7ccc238,
17300790,DEMANDA,SCP,ext_matvalle,mismo dia,20 abr 2026,12:11:43,12:11:48,0:00:05,MLA3207289266,
17301996,DEMANDA,SDC,ext_matvalle,mismo dia,20 abr 2026,12:11:48,12:12:06,0:00:18,MLBS406147918,
17302925,DEMANDA,SDC,ext_matvalle,mismo dia,20 abr 2026,14:02:32,14:03:03,0:00:31,MLMS406174022,
17302981,DEMANDA,SDC,ext_matvalle,mismo dia,20 abr 2026,14:03:39,14:04:09,0:00:30,MLAS406182130,
17302928,DEMANDA,SDC,ext_matvalle,mismo dia,20 abr 2026,14:04:09,14:04:37,0:00:28,MLAS406186824,
17303034,DEMANDA,SDC,ext_matvalle,mismo dia,20 abr 2026,14:05:01,14:05:25,0:00:24,MLBS406192792,
17303104,DEMANDA,SDC,ext_matvalle,mismo dia,20 abr 2026,14:05:26,14:05:43,0:00:17,MLBS406198994,
17303012,DEMANDA,SCP,ext_matvalle,mismo dia,20 abr 2026,14:05:43,14:05:48,0:00:05,MLA3214822396,
17303019,DEMANDA,SCP,ext_matvalle,mismo dia,20 abr 2026,14:05:48,14:05:53,0:00:05,MLA3213156206,
17303474,DEMANDA,SDC,ext_matvalle,mismo dia,20 abr 2026,14:10:43,14:11:10,0:00:27,MLBS406204340,
17277470,ENHANCEMENT,MAO,ext_matvalle,mismo dia,20 abr 2026,14:24:36,14:25:24,0:00:48,null,
17303555,DEMANDA,SCP,ext_matvalle,mismo dia,20 abr 2026,14:26:27,14:28:13,0:01:46,MLA1756723411,
17303631,DEMANDA,SCP,ext_matvalle,mismo dia,20 abr 2026,14:31:30,14:31:35,0:00:05,MLM2877895075,
17303642,DEMANDA,SCP,ext_matvalle,mismo dia,20 abr 2026,14:35:00,14:35:05,0:00:05,MLA3213158554,
17303671,DEMANDA,ENHANCED CONTENT,ext_matvalle,mismo dia,20 abr 2026,14:36:47,14:36:57,0:00:10,https://catalog-domains.adminml.com/catalogo/marcas/plantillas/revisor/9ee1a127-632a-410b-bb30-58871cd398c7,
17303667,DEMANDA,SDC,ext_matvalle,mismo dia,20 abr 2026,14:37:20,14:37:41,0:00:21,MLMS406025617,
17303674,DEMANDA,SCP,ext_matvalle,mismo dia,20 abr 2026,14:38:49,14:39:42,0:00:53,MLU687355131,
17278201,ENHANCEMENT,MAO,ext_matvalle,mismo dia,20 abr 2026,15:10:38,15:11:15,0:00:37,null,
17277886,ENHANCEMENT,MAO,ext_matvalle,mismo dia,20 abr 2026,15:11:16,15:13:35,0:02:19,null,
17277855,ENHANCEMENT,MAO,ext_matvalle,mismo dia,20 abr 2026,15:14:16,15:17:47,0:03:31,null,
17304276,DEMANDA,SDC,ext_matvalle,mismo dia,20 abr 2026,15:25:30,15:25:59,0:00:29,MLMS406223038,
17304327,DEMANDA,SDC,ext_matvalle,mismo dia,20 abr 2026,15:35:38,15:36:27,0:00:49,MLBS406227728,
17278586,ENHANCEMENT,MAO,ext_matvalle,mismo dia,20 abr 2026,15:42:43,15:44:15,0:01:32,null,
17278309,ENHANCEMENT,MAO,ext_matvalle,mismo dia,20 abr 2026,15:44:16,15:45:08,0:00:52,null,
17304397,DEMANDA,SDC,ext_matvalle,mismo dia,20 abr 2026,15:50:27,15:53:12,0:02:45,MLBS406040005,
17311519,DEMANDA,SCP,ext_matvalle,mismo dia,20 abr 2026,15:53:12,15:53:19,0:00:07,MLM2877903477,
17311882,DEMANDA,SDC,ext_matvalle,mismo dia,20 abr 2026,16:05:35,16:06:04,0:00:29,MLAS406230576,
17311918,DEMANDA,SDC,ext_matvalle,mismo dia,20 abr 2026,16:16:40,16:18:58,0:02:18,MLAS406236634,
17311943,DEMANDA,SCP,ext_matvalle,mismo dia,20 abr 2026,16:19:24,16:19:31,0:00:07,MLB6647029596,
17279243,ENHANCEMENT,MAO,ext_matvalle,mismo dia,20 abr 2026,16:46:12,16:47:34,0:01:22,null,
17279265,ENHANCEMENT,MAO,ext_matvalle,mismo dia,20 abr 2026,16:49:52,16:50:55,0:01:03,null,
17278991,ENHANCEMENT,MAO,ext_matvalle,mismo dia,20 abr 2026,16:50:56,16:52:29,0:01:33,null,
17312284,DEMANDA,SCP,ext_matvalle,mismo dia,20 abr 2026,16:52:29,16:52:34,0:00:05,MLB6646621612,
17312291,DEMANDA,SCP,ext_matvalle,mismo dia,20 abr 2026,16:52:34,16:52:41,0:00:07,MCO1908084535,
17312294,DEMANDA,SCP,ext_matvalle,mismo dia,20 abr 2026,16:52:41,16:55:23,0:02:42,MLB6646192840,
17315268,DEMANDA,SCP,ext_matvalle,mismo dia,21 abr 2026,9:48:19,9:48:50,0:00:31,MLM2878376885,
17315298,DEMANDA,SCP,ext_matvalle,mismo dia,21 abr 2026,9:48:50,9:49:24,0:00:34,MLM2878307073,
17315615,DEMANDA,SDC,ext_matvalle,mismo dia,21 abr 2026,9:49:24,9:49:45,0:00:21,MLBS406357168,
17315555,DEMANDA,SDC,ext_matvalle,mismo dia,21 abr 2026,9:49:45,9:50:06,0:00:21,MLMS406168127,
17315333,DEMANDA,SCP,ext_matvalle,mismo dia,21 abr 2026,9:50:06,9:50:12,0:00:06,MLM2878295091,
17315589,DEMANDA,SDC,ext_matvalle,mismo dia,21 abr 2026,9:50:12,9:50:49,0:00:37,MLBS406357306,
17315357,DEMANDA,SCP,ext_matvalle,mismo dia,21 abr 2026,9:50:49,9:50:55,0:00:06,MLB6647894676,
17315360,DEMANDA,SCP,ext_matvalle,mismo dia,21 abr 2026,9:50:56,9:51:01,0:00:05,MLM2878379265,
17315627,DEMANDA,SDC,ext_matvalle,mismo dia,21 abr 2026,9:54:20,9:55:33,0:01:13,MLMS406357964,
17315431,DEMANDA,SCP,ext_matvalle,mismo dia,21 abr 2026,9:55:33,9:55:39,0:00:06,MLM5214750716,
17315439,DEMANDA,SCP,ext_matvalle,mismo dia,21 abr 2026,9:55:39,9:55:52,0:00:13,CBT3914721142,
17315441,DEMANDA,SCP,ext_matvalle,mismo dia,21 abr 2026,9:55:52,9:55:57,0:00:05,MLM5218318896,
17315458,DEMANDA,SCP,ext_matvalle,mismo dia,21 abr 2026,9:58:04,9:58:10,0:00:06,CBT3909495250,
17315459,DEMANDA,SCP,ext_matvalle,mismo dia,21 abr 2026,9:58:10,9:58:15,0:00:05,MLC1931504163,
17315717,DEMANDA,SDC,ext_matvalle,mismo dia,21 abr 2026,10:01:14,10:01:43,0:00:29,MLBS406169929,
17315937,DEMANDA,SDC,ext_matvalle,mismo dia,21 abr 2026,10:05:15,10:05:50,0:00:35,MLBS406173321,
17315999,DEMANDA,SDC,ext_matvalle,mismo dia,21 abr 2026,10:05:50,10:06:27,0:00:37,MLMS406362924,
17315867,DEMANDA,SCP,ext_matvalle,mismo dia,21 abr 2026,10:06:27,10:06:46,0:00:19,MLA3211849186,
17315883,DEMANDA,SCP,ext_matvalle,mismo dia,21 abr 2026,10:06:47,10:06:52,0:00:05,MLM2878791573,
17316033,DEMANDA,SCP,ext_matvalle,mismo dia,21 abr 2026,10:09:58,10:10:05,0:00:07,CBT3914721272,
17316059,DEMANDA,SCP,ext_matvalle,mismo dia,21 abr 2026,10:10:23,10:10:30,0:00:07,MLM5219768778,
17316068,DEMANDA,SCP,ext_matvalle,mismo dia,21 abr 2026,10:10:31,10:10:36,0:00:05,MLM5219768970,
17318374,DEMANDA,SCP,ext_matvalle,mismo dia,21 abr 2026,10:14:38,10:14:44,0:00:06,MLM5220143800,
17318377,DEMANDA,SCP,ext_matvalle,mismo dia,21 abr 2026,10:14:44,10:14:49,0:00:05,MLB4622546321,
17318389,DEMANDA,SCP,ext_matvalle,mismo dia,21 abr 2026,10:14:49,10:14:55,0:00:06,CBT3908260380,
17323072,DEMANDA,SCP,ext_matvalle,mismo dia,21 abr 2026,10:19:00,10:19:05,0:00:05,MLM2879325933,
17324395,DEMANDA,SDC,ext_matvalle,mismo dia,21 abr 2026,10:19:05,10:19:22,0:00:17,MLBS406181439,
17324369,DEMANDA,SDC,ext_matvalle,mismo dia,21 abr 2026,10:19:22,10:20:02,0:00:40,MLMS406181543,
17323109,DEMANDA,SCP,ext_matvalle,mismo dia,21 abr 2026,10:20:02,10:20:07,0:00:05,MLM5220150944,
17323118,DEMANDA,SCP,ext_matvalle,mismo dia,21 abr 2026,10:20:07,10:20:11,0:00:04,CBT3908260454,
17324987,DEMANDA,SCP,ext_matvalle,mismo dia,21 abr 2026,10:24:56,11:17:07,0:52:11,MLA1758171659,
17279364,ENHANCEMENT,MAO,ext_matvalle,mismo dia,21 abr 2026,11:18:56,11:21:06,0:02:10,null,
17326440,DEMANDA,SDC,ext_matvalle,mismo dia,21 abr 2026,11:21:06,11:21:25,0:00:19,MLBS406374954,
17326458,DEMANDA,SCP,ext_matvalle,mismo dia,21 abr 2026,11:22:19,11:22:25,0:00:06,MLB4623311551,
17279348,ENHANCEMENT,MAO,ext_matvalle,mismo dia,21 abr 2026,11:22:25,11:35:00,0:12:35,null,
17326520,DEMANDA,SCP,ext_matvalle,mismo dia,21 abr 2026,11:35:00,11:40:00,0:05:00,MLB6650485144,
17326548,DEMANDA,SDC,ext_matvalle,mismo dia,21 abr 2026,11:40:23,11:40:59,0:00:36,MLBS406374828,
17326552,DEMANDA,SCP,ext_matvalle,mismo dia,21 abr 2026,11:40:59,11:41:15,0:00:16,MLB6650484648,
17326572,DEMANDA,SDC,ext_matvalle,mismo dia,21 abr 2026,11:47:21,11:48:12,0:00:51,MLCS406375044,
17304770,ENHANCEMENT,MAO,ext_matvalle,mismo dia,21 abr 2026,12:15:44,12:18:01,0:02:17,null,
17327164,DEMANDA,SDC,ext_matvalle,mismo dia,21 abr 2026,12:21:27,12:22:29,0:01:02,MLBS406186759,
17327197,DEMANDA,SDC,ext_matvalle,mismo dia,21 abr 2026,12:26:58,12:27:50,0:00:52,MLAS406376510,
17327214,DEMANDA,SDC,ext_matvalle,mismo dia,21 abr 2026,12:30:14,12:30:36,0:00:22,MLAS406187477,
17327225,DEMANDA,SDC,ext_matvalle,mismo dia,21 abr 2026,12:36:56,12:37:18,0:00:22,MLAS406376976,
17327232,DEMANDA,SDC,ext_matvalle,mismo dia,21 abr 2026,12:37:18,12:38:07,0:00:49,MLCS406377962,
17327248,DEMANDA,SDC,ext_matvalle,mismo dia,21 abr 2026,12:40:25,12:40:39,0:00:14,MCOS406377238,
17304536,ENHANCEMENT,MAO,ext_matvalle,mismo dia,21 abr 2026,12:40:46,12:41:43,0:00:57,null,
17327281,DEMANDA,SDC,ext_matvalle,mismo dia,21 abr 2026,12:47:47,12:48:07,0:00:20,MLCS406189319,
17304471,ENHANCEMENT,MAO,ext_matvalle,mismo dia,21 abr 2026,12:48:07,12:51:48,0:03:41,null,
17327310,DEMANDA,SCP,ext_matvalle,mismo dia,21 abr 2026,12:52:30,12:53:23,0:00:53,MLC3894978294,
17327947,DEMANDA,SDC,ext_matvalle,mismo dia,21 abr 2026,13:59:56,14:00:19,0:00:23,MLBS406190615,
17327921,DEMANDA,SDC,ext_matvalle,mismo dia,21 abr 2026,14:01:30,14:01:57,0:00:27,MLAS406191047,
17328049,DEMANDA,SDC,ext_matvalle,mismo dia,21 abr 2026,14:01:57,14:02:25,0:00:28,MLAS406380518,
17328033,DEMANDA,SDC,ext_matvalle,mismo dia,21 abr 2026,14:02:46,14:03:11,0:00:25,MLAS406192041,
17328552,DEMANDA,SDC,ext_matvalle,mismo dia,21 abr 2026,14:07:31,14:07:51,0:00:20,MLMS406191567,
17328647,DEMANDA,SDC,ext_matvalle,mismo dia,21 abr 2026,14:27:11,14:27:28,0:00:17,MLBS406381802,
17305279,ENHANCEMENT,MAO,ext_matvalle,mismo dia,21 abr 2026,14:29:49,14:36:57,0:07:08,null,
17328693,DEMANDA,SCP,ext_matvalle,mismo dia,21 abr 2026,14:37:37,14:38:48,0:01:11,MLA1758633371,
17328754,DEMANDA,SDC,ext_matvalle,mismo dia,21 abr 2026,14:47:04,14:48:13,0:01:09,MLCS406192969,
17328773,DEMANDA,SDC,ext_matvalle,mismo dia,21 abr 2026,14:50:22,14:50:53,0:00:31,MLBS406382374,
17328776,DEMANDA,SDC,ext_matvalle,mismo dia,21 abr 2026,14:50:53,14:51:07,0:00:14,MLAS406383118,
17328779,DEMANDA,SCP,ext_matvalle,mismo dia,21 abr 2026,14:51:08,14:51:38,0:00:30,MLA1758633847,
17329399,DEMANDA,SDC,ext_matvalle,mismo dia,21 abr 2026,15:26:37,15:27:03,0:00:26,MLBS406194403,
17329413,DEMANDA,SCP,ext_matvalle,mismo dia,21 abr 2026,15:27:19,15:28:18,0:00:59,MLA1756968929,
17304921,ENHANCEMENT,MAO,ext_matvalle,mismo dia,21 abr 2026,15:32:41,15:36:26,0:03:45,null,
17305640,ENHANCEMENT,MAO,ext_matvalle,mismo dia,21 abr 2026,15:59:58,16:01:07,0:01:09,null,
17305475,ENHANCEMENT,MAO,ext_matvalle,mismo dia,21 abr 2026,16:30:13,16:32:22,0:02:09,null,
17330153,DEMANDA,SDC,ext_matvalle,mismo dia,21 abr 2026,16:36:36,16:37:32,0:00:56,MLBS406385818,
17330169,DEMANDA,SCP,ext_matvalle,mismo dia,21 abr 2026,16:39:46,16:40:50,0:01:04,MLC3893368216,
17330174,DEMANDA,SDC,ext_matvalle,mismo dia,21 abr 2026,16:40:50,16:41:06,0:00:16,MLAS406387158,
17305411,ENHANCEMENT,MAO,ext_matvalle,mismo dia,21 abr 2026,16:43:14,16:45:08,0:01:54,null,
17306246,ENHANCEMENT,MAO,ext_matvalle,mismo dia,21 abr 2026,16:45:08,16:45:59,0:00:51,null,
17306249,ENHANCEMENT,MAO,ext_matvalle,mismo dia,21 abr 2026,16:46:00,16:51:06,0:05:06,null,
17306216,ENHANCEMENT,MAO,ext_matvalle,mismo dia,21 abr 2026,16:51:07,16:55:46,0:04:39,null,
17330317,DEMANDA,SCP,ext_matvalle,mismo dia,21 abr 2026,17:03:29,17:05:02,0:01:33,MLA3215904598,
17330434,DEMANDA,SDC,ext_matvalle,mismo dia,21 abr 2026,17:10:44,17:11:01,0:00:17,MLBS406387424,
17330435,DEMANDA,SDC,ext_matvalle,mismo dia,21 abr 2026,17:11:01,17:12:16,0:01:15,MLMS406196797,
17330465,DEMANDA,SDC,ext_matvalle,mismo dia,21 abr 2026,17:16:33,17:17:00,0:00:27,MLCS406198829,
17330475,DEMANDA,ENHANCED CONTENT,ext_matvalle,mismo dia,21 abr 2026,17:18:30,17:18:44,0:00:14,https://catalog-domains.adminml.com/catalogo/marcas/plantillas/revisor/41a13e90-9d80-434c-b8dc-80b948e5e690,
17330484,DEMANDA,SDC,ext_matvalle,mismo dia,21 abr 2026,17:20:23,17:20:41,0:00:18,MLAS406198837,
17330489,DEMANDA,SDC,ext_matvalle,mismo dia,21 abr 2026,17:20:41,17:21:46,0:01:05,MLAS406388198,
17306068,ENHANCEMENT,MAO,ext_matvalle,mismo dia,21 abr 2026,17:26:33,17:27:56,0:01:23,null,
17306335,ENHANCEMENT,MAO,ext_matvalle,mismo dia,21 abr 2026,17:29:00,17:30:11,0:01:11,null,
17331636,DEMANDA,SCP,ext_matvalle,mismo dia,22 abr 2026,9:42:38,9:43:25,0:00:47,MLC3892082772,
17331641,DEMANDA,SCP,ext_matvalle,mismo dia,22 abr 2026,9:43:25,9:43:51,0:00:26,CBT3908259766,
17332457,DEMANDA,SDC,ext_matvalle,mismo dia,22 abr 2026,9:43:51,9:44:34,0:00:43,MLCS406407448,
17331692,DEMANDA,SCP,ext_matvalle,mismo dia,22 abr 2026,9:44:35,9:45:33,0:00:58,MLM2878733095,
17331840,DEMANDA,SCP,ext_matvalle,mismo dia,22 abr 2026,9:45:34,9:46:20,0:00:46,MLM5219751114,
17332391,DEMANDA,SDC,ext_matvalle,mismo dia,22 abr 2026,9:46:20,9:47:01,0:00:41,MLBS406219431,
17331975,DEMANDA,SCP,ext_matvalle,mismo dia,22 abr 2026,9:47:01,9:47:26,0:00:25,MLB4604681443,
17332015,DEMANDA,SCP,ext_matvalle,mismo dia,22 abr 2026,9:47:26,9:47:59,0:00:33,MLA1713199571,
17332025,DEMANDA,SCP,ext_matvalle,mismo dia,22 abr 2026,9:47:59,9:48:44,0:00:45,MLB4622554357,
17332075,DEMANDA,SCP,ext_matvalle,mismo dia,22 abr 2026,9:48:44,9:49:36,0:00:52,MLB6456512306,
17332410,DEMANDA,SDC,ext_matvalle,mismo dia,22 abr 2026,9:50:00,9:50:33,0:00:33,MLCS406218961,
17332171,DEMANDA,SCP,ext_matvalle,mismo dia,22 abr 2026,9:50:58,9:52:13,0:01:15,MLC1934116719,
17332209,DEMANDA,SCP,ext_matvalle,mismo dia,22 abr 2026,9:52:13,9:53:02,0:00:49,MLA1757225581,
17332238,DEMANDA,SCP,ext_matvalle,mismo dia,22 abr 2026,9:53:39,9:54:33,0:00:54,MLM2880908787,
17332589,DEMANDA,SDC,ext_matvalle,mismo dia,22 abr 2026,9:54:33,9:55:03,0:00:30,MLMS406221911,
17332546,DEMANDA,SDC,ext_matvalle,mismo dia,22 abr 2026,9:55:03,9:55:40,0:00:37,MLMS406221525,
17332265,DEMANDA,SCP,ext_matvalle,mismo dia,22 abr 2026,9:55:40,9:57:52,0:02:12,CBT3914720558,
17336139,DEMANDA,SCP,ext_matvalle,mismo dia,22 abr 2026,10:30:58,10:31:28,0:00:30,MLB6365621544,
17336153,DEMANDA,SCP,ext_matvalle,mismo dia,22 abr 2026,10:31:28,10:31:54,0:00:26,MLB6463662242,
17336163,DEMANDA,SCP,ext_matvalle,mismo dia,22 abr 2026,10:31:54,10:32:56,0:01:02,MLB6516071044,
17336633,DEMANDA,SDC,ext_matvalle,mismo dia,22 abr 2026,10:32:57,10:33:53,0:00:56,MLMS406242139,
17336207,DEMANDA,SCP,ext_matvalle,mismo dia,22 abr 2026,10:33:53,10:35:10,0:01:17,MLM5116278362,
17336221,DEMANDA,SCP,ext_matvalle,mismo dia,22 abr 2026,10:35:10,10:35:44,0:00:34,MLM2881869913,
17336671,DEMANDA,SDC,ext_matvalle,mismo dia,22 abr 2026,10:35:44,10:36:04,0:00:20,MLBS406431442,
17336234,DEMANDA,SCP,ext_matvalle,mismo dia,22 abr 2026,10:36:04,10:37:18,0:01:14,MLM2881857687,
17336252,DEMANDA,SCP,ext_matvalle,mismo dia,22 abr 2026,10:37:18,10:38:30,0:01:12,MLM5226005314,
17336851,DEMANDA,SDC,ext_matvalle,mismo dia,22 abr 2026,10:38:30,10:38:49,0:00:19,MLMS406242553,
17336869,DEMANDA,SDC,ext_matvalle,mismo dia,22 abr 2026,10:39:25,10:39:48,0:00:23,MLAS406431716,
17336459,DEMANDA,SCP,ext_matvalle,mismo dia,22 abr 2026,10:40:18,10:40:38,0:00:20,MLM5226083568,
17337012,DEMANDA,SDC,ext_matvalle,mismo dia,22 abr 2026,10:41:08,10:41:51,0:00:43,MLBS406431954,
17337029,DEMANDA,SDC,ext_matvalle,mismo dia,22 abr 2026,10:42:19,10:43:06,0:00:47,MLMS406242977,
17336513,DEMANDA,SCP,ext_matvalle,mismo dia,22 abr 2026,10:43:50,10:48:20,0:04:30,MLB4472957347,
17336835,DEMANDA,SCP,ext_matvalle,mismo dia,22 abr 2026,10:49:03,10:51:44,0:02:41,MLB6652496088,
17336860,DEMANDA,SCP,ext_matvalle,mismo dia,22 abr 2026,10:51:44,10:52:11,0:00:27,MLB6362830396,
17337341,DEMANDA,SDC,ext_matvalle,mismo dia,22 abr 2026,10:52:11,11:02:23,0:10:12,MLBS406433060,
17337795,DEMANDA,SDC,ext_matvalle,mismo dia,22 abr 2026,11:02:23,11:02:43,0:00:20,MLBS406434212,
17337816,DEMANDA,SDC,ext_matvalle,mismo dia,22 abr 2026,11:02:43,11:03:06,0:00:23,MLAS406245217,
17337897,DEMANDA,SDC,ext_matvalle,mismo dia,22 abr 2026,11:03:36,11:05:00,0:01:24,MLAS406245539,
17337663,DEMANDA,SCP,ext_matvalle,mismo dia,22 abr 2026,11:05:00,11:05:32,0:00:32,MLB4354965677,
17337834,DEMANDA,SCP,ext_matvalle,mismo dia,22 abr 2026,11:06:01,11:07:15,0:01:14,MLB6654238136,
17337882,DEMANDA,SCP,ext_matvalle,mismo dia,22 abr 2026,11:07:15,11:08:19,0:01:04,MLA3222168790,
17338142,DEMANDA,SCP,ext_matvalle,mismo dia,22 abr 2026,11:11:05,11:12:09,0:01:04,MLB4624970815,
17338188,DEMANDA,SDC,ext_matvalle,mismo dia,22 abr 2026,11:16:36,11:16:54,0:00:18,MLAS406245945,
17338202,DEMANDA,SCP,ext_matvalle,mismo dia,22 abr 2026,11:16:54,11:17:23,0:00:29,MLA3222236106,
17338243,DEMANDA,SCP,ext_matvalle,mismo dia,22 abr 2026,11:23:23,11:23:59,0:00:36,MLB4625609593,
17306581,ENHANCEMENT,MAO,ext_matvalle,mismo dia,22 abr 2026,12:26:33,12:27:55,0:01:22,null,
17339015,DEMANDA,SCP,ext_matvalle,mismo dia,22 abr 2026,12:31:12,12:34:23,0:03:11,MLA1751879711,
17306556,ENHANCEMENT,MAO,ext_matvalle,mismo dia,22 abr 2026,12:34:24,12:37:47,0:03:23,null,
17339095,DEMANDA,SDC,ext_matvalle,mismo dia,22 abr 2026,12:40:37,12:43:10,0:02:33,MLAS406449454,
17339113,DEMANDA,SCP,ext_matvalle,mismo dia,22 abr 2026,12:43:36,12:44:29,0:00:53,MLC3897472826,
17339148,DEMANDA,SDC,ext_matvalle,mismo dia,22 abr 2026,12:47:10,12:47:34,0:00:24,MLBS406450212,
17339150,DEMANDA,SDC,ext_matvalle,mismo dia,22 abr 2026,12:47:48,12:48:26,0:00:38,MLBS406452910,
17339171,DEMANDA,SCP,ext_matvalle,mismo dia,22 abr 2026,12:49:19,12:50:35,0:01:16,MLU1327532570,
17339183,DEMANDA,SDC,ext_matvalle,mismo dia,22 abr 2026,12:50:35,12:50:50,0:00:15,MLBS406261143,
17339181,DEMANDA,SDC,ext_matvalle,mismo dia,22 abr 2026,12:50:50,12:51:05,0:00:15,MLBS406261335,
17339191,DEMANDA,SCP,ext_matvalle,mismo dia,22 abr 2026,12:51:05,12:51:28,0:00:23,MLC1934129085,
17339252,DEMANDA,SDC,ext_matvalle,mismo dia,22 abr 2026,14:00:38,14:01:19,0:00:41,MLBS406453424,
17339489,DEMANDA,SDC,ext_matvalle,mismo dia,22 abr 2026,14:01:54,14:02:24,0:00:30,MLBS406453852,
17339543,DEMANDA,SDC,ext_matvalle,mismo dia,22 abr 2026,14:02:59,14:03:26,0:00:27,MLBS406267737,
17339670,DEMANDA,SDC,ext_matvalle,mismo dia,22 abr 2026,14:03:37,14:04:47,0:01:10,MLMS406458188,
17339838,DEMANDA,SDC,ext_matvalle,mismo dia,22 abr 2026,14:04:47,14:05:18,0:00:31,MLBS406276755,
17339808,DEMANDA,SDC,ext_matvalle,mismo dia,22 abr 2026,14:06:22,14:06:49,0:00:27,MLBS406466406,
17339885,DEMANDA,SDC,ext_matvalle,mismo dia,22 abr 2026,14:07:25,14:07:49,0:00:24,MLBS406466932,
17340089,DEMANDA,SCP,ext_matvalle,mismo dia,22 abr 2026,14:08:24,14:10:06,0:01:42,MLB6652502680,
17340095,DEMANDA,SCP,ext_matvalle,mismo dia,22 abr 2026,14:10:06,14:10:54,0:00:48,MLB4626093313,
17340108,DEMANDA,ENHANCED CONTENT,ext_matvalle,mismo dia,22 abr 2026,14:10:55,14:11:11,0:00:16,https://catalog-domains.adminml.com/catalogo/marcas/plantillas/revisor/42de716e-ff0f-4a90-9911-fdff8ff979a8,
17340111,DEMANDA,SCP,ext_matvalle,mismo dia,22 abr 2026,14:11:27,14:12:51,0:01:24,MLA3222811242,
17340365,DEMANDA,SCP,ext_matvalle,mismo dia,22 abr 2026,14:44:29,14:45:44,0:01:15,MLA1760253665,
17340344,DEMANDA,SDC,ext_matvalle,mismo dia,22 abr 2026,14:46:25,14:48:57,0:02:32,MLBS406467878,
17340401,DEMANDA,SCP,ext_matvalle,mismo dia,22 abr 2026,14:48:57,14:50:01,0:01:04,MLM2883090569,
17340406,DEMANDA,ENHANCED CONTENT,ext_matvalle,mismo dia,22 abr 2026,14:50:02,14:50:34,0:00:32,https://catalog-domains.adminml.com/catalogo/marcas/plantillas/revisor/14eef6f2-42e1-49d2-aedc-ed12e83e2a06,
17340420,DEMANDA,SDC,ext_matvalle,mismo dia,22 abr 2026,14:50:47,14:51:11,0:00:24,MLAS406282503,
17340428,DEMANDA,SDC,ext_matvalle,mismo dia,22 abr 2026,14:51:11,14:51:39,0:00:28,MLBS406471558,
17340430,DEMANDA,SCP,ext_matvalle,mismo dia,22 abr 2026,14:51:39,14:52:16,0:00:37,MLB4623850055,
17340449,DEMANDA,SCP,ext_matvalle,mismo dia,22 abr 2026,14:54:00,14:54:58,0:00:58,MLC3899388980,
17341032,DEMANDA,SDC,ext_matvalle,mismo dia,22 abr 2026,15:46:49,15:47:06,0:00:17,MLCS406473668,
17341048,DEMANDA,ENHANCED CONTENT,ext_matvalle,mismo dia,22 abr 2026,15:47:07,15:47:20,0:00:13,https://catalog-domains.adminml.com/catalogo/marcas/plantillas/revisor/a73ea0bb-2fc6-489b-9875-0efd6d497ce0,
17341044,DEMANDA,SDC,ext_matvalle,mismo dia,22 abr 2026,15:49:15,15:50:06,0:00:51,MLBS406474258,
17341067,DEMANDA,SDC,ext_matvalle,mismo dia,22 abr 2026,15:50:17,15:50:45,0:00:28,MLBS406284977,
17341082,DEMANDA,SDC,ext_matvalle,mismo dia,22 abr 2026,15:51:07,15:52:20,0:01:13,MLBS406475166,
17341525,DEMANDA,SDC,ext_matvalle,mismo dia,22 abr 2026,16:20:53,16:21:30,0:00:37,MLAS406476208,
17341547,DEMANDA,SCP,ext_matvalle,mismo dia,22 abr 2026,16:21:30,16:22:38,0:01:08,MLA1760364243,
17341739,DEMANDA,SDC,ext_matvalle,mismo dia,22 abr 2026,16:40:39,16:41:19,0:00:40,MLBS406477360,
17341764,DEMANDA,SCP,ext_matvalle,mismo dia,22 abr 2026,16:45:01,16:46:28,0:01:27,MLC1935448207,
17307659,ENHANCEMENT,MAO,ext_matvalle,mismo dia,22 abr 2026,16:46:29,16:47:39,0:01:10,null,
17341793,DEMANDA,SDC,ext_matvalle,mismo dia,22 abr 2026,16:47:39,16:47:55,0:00:16,MLBS406288633,
17341786,DEMANDA,SDC,ext_matvalle,mismo dia,22 abr 2026,16:47:55,16:48:20,0:00:25,MLBS406289089,
17341811,DEMANDA,SCP,ext_matvalle,mismo dia,22 abr 2026,16:48:31,16:49:17,0:00:46,MLB4626432675,
17341819,DEMANDA,SCP,ext_matvalle,mismo dia,22 abr 2026,16:49:17,16:50:01,0:00:44,MLB4626421571,
17341823,DEMANDA,SCP,ext_matvalle,mismo dia,22 abr 2026,16:50:01,16:50:39,0:00:38,MLC1935459633,
17341833,DEMANDA,SDC,ext_matvalle,mismo dia,22 abr 2026,16:50:40,16:51:05,0:00:25,MLBS406477918,
17345440,DEMANDA,SCP,ext_matvalle,mismo dia,23 abr 2026,10:34:56,10:35:54,0:00:58,MLM2884273557,
17345473,DEMANDA,SCP,ext_matvalle,mismo dia,23 abr 2026,10:35:54,10:36:52,0:00:58,MLM2884299489,
17345502,DEMANDA,SCP,ext_matvalle,mismo dia,23 abr 2026,10:36:52,10:37:48,0:00:56,MLM5027821810,
17345520,DEMANDA,SCP,ext_matvalle,mismo dia,23 abr 2026,10:37:48,10:38:32,0:00:44,CBT3934897290,
17347867,DEMANDA,SDC,ext_matvalle,mismo dia,23 abr 2026,10:38:56,10:41:47,0:02:51,MLMS406342023,
17349763,DEMANDA,SDC,ext_matvalle,mismo dia,23 abr 2026,10:43:20,10:44:28,0:01:08,MLMS406345603,
17345690,DEMANDA,SCP,ext_matvalle,mismo dia,23 abr 2026,10:44:28,10:45:30,0:01:02,MLB6615152162,
17347820,DEMANDA,SCP,ext_matvalle,mismo dia,23 abr 2026,10:45:30,10:46:23,0:00:53,MLM5230702924,
17349784,DEMANDA,SDC,ext_matvalle,mismo dia,23 abr 2026,10:46:23,10:47:06,0:00:43,MLBS406347033,
17349383,DEMANDA,SCP,ext_matvalle,mismo dia,23 abr 2026,10:47:06,10:48:03,0:00:57,MLM5230704818,
17349400,DEMANDA,SCP,ext_matvalle,mismo dia,23 abr 2026,10:48:25,10:49:03,0:00:38,MLB6657090164,
17349764,DEMANDA,SDC,ext_matvalle,mismo dia,23 abr 2026,10:49:03,10:49:26,0:00:23,MLMS406536834,
17349432,DEMANDA,SCP,ext_matvalle,mismo dia,23 abr 2026,10:49:27,10:50:13,0:00:46,MLM5230884192,
17349781,DEMANDA,SDC,ext_matvalle,mismo dia,23 abr 2026,10:50:30,10:50:47,0:00:17,MLMS406536888,
17349458,DEMANDA,SCP,ext_matvalle,mismo dia,23 abr 2026,10:50:47,10:51:54,0:01:07,MLB6657090504,
17349479,DEMANDA,SCP,ext_matvalle,mismo dia,23 abr 2026,10:51:55,10:52:55,0:01:00,MLM5230885338,
17349909,DEMANDA,SDC,ext_matvalle,mismo dia,23 abr 2026,10:53:09,10:53:55,0:00:46,MLMS406537588,
17350191,DEMANDA,SDC,ext_matvalle,mismo dia,23 abr 2026,10:53:55,10:54:29,0:00:34,MLMS406349111,
17349933,DEMANDA,SDC,ext_matvalle,mismo dia,23 abr 2026,10:54:29,10:55:14,0:00:45,MLBS406349055,
17350172,DEMANDA,SDC,ext_matvalle,mismo dia,23 abr 2026,10:55:14,10:56:52,0:01:38,MLMS406538936,
17349712,DEMANDA,SCP,ext_matvalle,mismo dia,23 abr 2026,10:56:53,10:57:48,0:00:55,MLB6657091462,
17349720,DEMANDA,SCP,ext_matvalle,mismo dia,23 abr 2026,10:57:48,10:58:26,0:00:38,MLB6657091464,
17349743,DEMANDA,SCP,ext_matvalle,mismo dia,23 abr 2026,10:58:26,10:59:12,0:00:46,MLB4620079471,
17349752,DEMANDA,SCP,ext_matvalle,mismo dia,23 abr 2026,10:59:12,11:12:52,0:13:40,MLM5230710912,
17307732,ENHANCEMENT,MAO,ext_matvalle,mismo dia,23 abr 2026,11:12:52,11:15:46,0:02:54,null,
17352029,DEMANDA,SDC,ext_matvalle,mismo dia,23 abr 2026,11:15:46,11:16:13,0:00:27,MLBS406544244,
17352050,DEMANDA,SCP,ext_matvalle,mismo dia,23 abr 2026,11:16:50,11:19:06,0:02:16,MLB6654935692,
17352095,DEMANDA,SCP,ext_matvalle,mismo dia,23 abr 2026,11:24:23,11:25:25,0:01:02,MLB6658745568,
17352112,DEMANDA,SDC,ext_matvalle,mismo dia,23 abr 2026,11:26:09,11:28:37,0:02:28,MLAS406547352,
17352245,DEMANDA,SCP,ext_matvalle,mismo dia,23 abr 2026,11:42:39,11:48:11,0:05:32,MLA1761654109,
17352284,DEMANDA,SCP,ext_matvalle,mismo dia,23 abr 2026,11:48:11,11:49:32,0:01:21,MLA3223404286,
17352289,DEMANDA,SDC,ext_matvalle,mismo dia,23 abr 2026,11:50:34,11:51:52,0:01:18,MLBS406547488,
17352342,DEMANDA,SDC,ext_matvalle,mismo dia,23 abr 2026,11:55:34,11:56:17,0:00:43,MLAS406545860,
17352334,DEMANDA,SDC,ext_matvalle,mismo dia,23 abr 2026,11:56:17,11:57:00,0:00:43,MLBS406359747,
17352514,DEMANDA,SDC,ext_matvalle,mismo dia,23 abr 2026,12:15:31,12:15:51,0:00:20,MLBS406550906,
17352525,DEMANDA,SCP,ext_matvalle,mismo dia,23 abr 2026,12:16:29,12:18:45,0:02:16,MLM5218676496,
17352583,DEMANDA,SCP,ext_matvalle,mismo dia,23 abr 2026,12:20:57,12:24:47,0:03:50,MLB4628207353,
17352601,DEMANDA,SCP,ext_matvalle,mismo dia,23 abr 2026,12:24:47,12:26:45,0:01:58,MLB6654232534,
17352628,DEMANDA,SCP,ext_matvalle,mismo dia,23 abr 2026,12:29:56,12:32:33,0:02:37,MLB4628044057,
17352673,DEMANDA,SCP,ext_matvalle,mismo dia,23 abr 2026,12:34:03,12:36:52,0:02:49,MLA3226164150,
17352729,DEMANDA,SDC,ext_matvalle,mismo dia,23 abr 2026,12:40:29,12:40:53,0:00:24,MLCS406364019,
17352735,DEMANDA,SDC,ext_matvalle,mismo dia,23 abr 2026,12:40:53,12:41:55,0:01:02,MLBS406370221,
17352747,DEMANDA,SCP,ext_matvalle,mismo dia,23 abr 2026,12:41:55,12:43:05,0:01:10,MLA1761691763,
17352760,DEMANDA,SCP,ext_matvalle,mismo dia,23 abr 2026,12:45:04,12:46:12,0:01:08,MLA1761706003,
17352783,DEMANDA,SDC,ext_matvalle,mismo dia,23 abr 2026,12:47:39,12:48:09,0:00:30,MLAS406553350,
17352778,DEMANDA,SDC,ext_matvalle,mismo dia,23 abr 2026,12:48:09,12:49:11,0:01:02,MLCS406558650,
17352806,DEMANDA,SDC,ext_matvalle,mismo dia,23 abr 2026,12:51:32,12:52:44,0:01:12,MLBS406370291,
17353420,DEMANDA,SDC,ext_matvalle,mismo dia,23 abr 2026,14:02:19,14:03:27,0:01:08,MLBS406562192,
17353463,DEMANDA,SDC,ext_matvalle,mismo dia,23 abr 2026,14:03:27,14:04:21,0:00:54,MLBS406378599,
17353581,DEMANDA,SDC,ext_matvalle,mismo dia,23 abr 2026,14:04:21,14:04:46,0:00:25,MLBS406388657,
17353425,DEMANDA,SDC,ext_matvalle,mismo dia,23 abr 2026,14:04:46,14:05:17,0:00:31,MLMS406573188,
17353589,DEMANDA,SDC,ext_matvalle,mismo dia,23 abr 2026,14:05:17,14:05:47,0:00:30,MLMS406589622,
17353613,DEMANDA,SDC,ext_matvalle,mismo dia,23 abr 2026,14:05:47,14:06:13,0:00:26,MLBS406408029,
17353624,DEMANDA,SDC,ext_matvalle,mismo dia,23 abr 2026,14:06:14,14:06:43,0:00:29,MLMS406408089,
17353639,DEMANDA,SCP,ext_matvalle,mismo dia,23 abr 2026,14:06:43,14:07:41,0:00:58,MLA1761701487,
17353708,DEMANDA,SCP,ext_matvalle,mismo dia,23 abr 2026,14:07:52,14:08:35,0:00:43,MLB6659350094,
17354041,DEMANDA,SDC,ext_matvalle,mismo dia,23 abr 2026,14:16:51,14:17:36,0:00:45,MLMS406429191,
17354066,DEMANDA,SDC,ext_matvalle,mismo dia,23 abr 2026,14:20:27,14:20:55,0:00:28,MLBS406431717,
17354079,DEMANDA,SCP,ext_matvalle,mismo dia,23 abr 2026,14:21:22,14:22:16,0:00:54,MLB6600772524,
17308655,ENHANCEMENT,MAO,ext_matvalle,mismo dia,23 abr 2026,14:23:57,14:26:29,0:02:32,null,
17354104,DEMANDA,SDC,ext_matvalle,mismo dia,23 abr 2026,14:26:39,14:26:57,0:00:18,MLBS406430403,
17354112,DEMANDA,SDC,ext_matvalle,mismo dia,23 abr 2026,14:26:57,14:27:18,0:00:21,MLBS406432435,
17308583,ENHANCEMENT,MAO,ext_matvalle,mismo dia,23 abr 2026,14:36:39,14:38:10,0:01:31,null,
17354228,DEMANDA,ENHANCED CONTENT,ext_matvalle,mismo dia,23 abr 2026,14:41:45,14:42:47,0:01:02,https://catalog-domains.adminml.com/catalogo/marcas/plantillas/revisor/fa48717d-97dd-43d1-b084-d5b710e59ee6,
17308574,ENHANCEMENT,MAO,ext_matvalle,mismo dia,23 abr 2026,14:44:54,14:48:02,0:03:08,null,
17353773,DEMANDA,SDC,ext_matvalle,mismo dia,23 abr 2026,14:48:02,14:48:23,0:00:21,MLAS406606314,
17308816,ENHANCEMENT,MAO,ext_matvalle,mismo dia,23 abr 2026,14:49:48,14:51:19,0:01:31,null,
17308537,ENHANCEMENT,MAO,ext_matvalle,mismo dia,23 abr 2026,14:51:20,14:53:09,0:01:49,null,
17309214,ENHANCEMENT,MAO,ext_matvalle,mismo dia,23 abr 2026,15:23:26,15:27:33,0:04:07,null,
17354786,DEMANDA,SCP,ext_matvalle,mismo dia,23 abr 2026,15:27:55,15:29:03,0:01:08,MLB4628987327,
17309274,ENHANCEMENT,MAO,ext_matvalle,mismo dia,23 abr 2026,15:32:58,15:36:43,0:03:45,null,
17354844,DEMANDA,SDC,ext_matvalle,mismo dia,23 abr 2026,15:36:43,15:38:13,0:01:30,MLAS406628508,
17354993,DEMANDA,SCP,ext_matvalle,mismo dia,23 abr 2026,15:55:04,15:57:44,0:02:40,MLA1761910001,
17355058,DEMANDA,SDC,ext_matvalle,mismo dia,23 abr 2026,16:04:17,16:06:37,0:02:20,MLBS406435395,
17355416,DEMANDA,ENHANCED CONTENT,ext_matvalle,mismo dia,23 abr 2026,16:20:25,16:20:49,0:00:24,https://catalog-domains.adminml.com/catalogo/marcas/plantillas/revisor/0dee0a02-2988-4de3-a475-0792fe0e8bab,
17355459,DEMANDA,SDC,ext_matvalle,mismo dia,23 abr 2026,16:27:40,16:33:05,0:05:25,MLBS406445841,
17355532,DEMANDA,SDC,ext_matvalle,mismo dia,23 abr 2026,16:37:04,16:37:26,0:00:22,MLMS406448211,
17355547,DEMANDA,SDC,ext_matvalle,mismo dia,23 abr 2026,16:37:26,16:39:13,0:01:47,MLBS406448915,
17356123,DEMANDA,SDC,ext_matvalle,mismo dia,23 abr 2026,17:26:43,17:28:56,0:02:13,MLBS406454965,
17310213,ENHANCEMENT,MAO,ext_matvalle,mismo dia,23 abr 2026,17:36:02,17:39:45,0:03:43,null,
17356259,DEMANDA,SDC,ext_matvalle,mismo dia,23 abr 2026,17:40:52,17:41:08,0:00:16,MCOS406457049,
17356250,DEMANDA,SDC,ext_matvalle,mismo dia,23 abr 2026,17:41:21,17:41:50,0:00:29,MLBS406457045,
17356264,DEMANDA,SCP,ext_matvalle,mismo dia,23 abr 2026,17:42:46,17:44:00,0:01:14,MCO3884893672,
17363412,DEMANDA,SDC,ext_matvalle,mismo dia,24 abr 2026,9:44:54,9:45:31,0:00:37,MLBS406474989,
17363427,DEMANDA,SDC,ext_matvalle,mismo dia,24 abr 2026,9:45:31,9:47:01,0:01:30,MLUS406476351,
17363536,DEMANDA,SDC,ext_matvalle,mismo dia,24 abr 2026,9:47:01,9:47:33,0:00:32,MLBS406477861,
17363556,DEMANDA,SDC,ext_matvalle,mismo dia,24 abr 2026,9:47:33,9:48:50,0:01:17,MLBS406478233,
17364070,DEMANDA,SDC,ext_matvalle,mismo dia,24 abr 2026,9:48:50,9:49:20,0:00:30,MLBS406480421,
17363356,DEMANDA,SCP,ext_matvalle,mismo dia,24 abr 2026,9:49:20,9:50:03,0:00:43,MLB4629592455,
17363400,DEMANDA,SCP,ext_matvalle,mismo dia,24 abr 2026,9:51:11,9:52:19,0:01:08,MLB6662639192,
17364181,DEMANDA,SDC,ext_matvalle,mismo dia,24 abr 2026,9:52:19,9:52:40,0:00:21,MLCS406672864,
17363436,DEMANDA,SCP,ext_matvalle,mismo dia,24 abr 2026,9:52:55,9:53:49,0:00:54,MLA1756960427,
17363466,DEMANDA,SCP,ext_matvalle,mismo dia,24 abr 2026,9:53:49,9:55:33,0:01:44,MLB4629587217,
17364190,DEMANDA,SDC,ext_matvalle,mismo dia,24 abr 2026,9:55:33,9:56:17,0:00:44,MLMS406674260,
17363509,DEMANDA,SCP,ext_matvalle,mismo dia,24 abr 2026,9:56:17,9:57:30,0:01:13,MLB6662867626,
17363527,DEMANDA,SCP,ext_matvalle,mismo dia,24 abr 2026,9:57:31,9:58:32,0:01:01,MLM2886646111,
17364329,DEMANDA,SDC,ext_matvalle,mismo dia,24 abr 2026,9:58:32,9:58:47,0:00:15,MLAS406486907,
17364348,DEMANDA,SDC,ext_matvalle,mismo dia,24 abr 2026,9:58:47,9:59:31,0:00:44,MLBS406675636,
17364454,DEMANDA,SDC,ext_matvalle,mismo dia,24 abr 2026,10:06:05,10:06:30,0:00:25,MLMS406489939,
17364215,DEMANDA,SCP,ext_matvalle,mismo dia,24 abr 2026,10:08:32,10:09:22,0:00:50,MLM2886800447,
17364544,DEMANDA,SDC,ext_matvalle,mismo dia,24 abr 2026,10:09:22,10:09:47,0:00:25,MLAS406685574,
17364248,DEMANDA,SCP,ext_matvalle,mismo dia,24 abr 2026,10:10:04,10:11:17,0:01:13,MLC3904436190,
17364297,DEMANDA,SCP,ext_matvalle,mismo dia,24 abr 2026,10:11:18,10:13:11,0:01:53,MLB4629664173,
17364600,DEMANDA,SDC,ext_matvalle,mismo dia,24 abr 2026,10:13:11,10:13:40,0:00:29,MLCS406500881,
17364425,DEMANDA,SCP,ext_matvalle,mismo dia,24 abr 2026,10:13:54,10:14:32,0:00:38,MLM2883975897,
17364474,DEMANDA,SCP,ext_matvalle,mismo dia,24 abr 2026,10:14:32,10:16:36,0:02:04,MLB6663518870,
17364879,DEMANDA,SDC,ext_matvalle,mismo dia,24 abr 2026,10:16:36,10:17:04,0:00:28,MLMS406697782,
17364719,DEMANDA,SCP,ext_matvalle,mismo dia,24 abr 2026,10:17:18,10:17:45,0:00:27,MLM5237758736,
17364804,DEMANDA,SCP,ext_matvalle,mismo dia,24 abr 2026,10:18:50,10:19:56,0:01:06,MLB4506496171,
17364865,DEMANDA,SCP,ext_matvalle,mismo dia,24 abr 2026,10:19:56,10:20:34,0:00:38,MLB4630124893,
17365041,DEMANDA,SDC,ext_matvalle,mismo dia,24 abr 2026,10:20:34,10:23:15,0:02:41,MLBS406702018,
17369089,DEMANDA,SDC,ext_matvalle,mismo dia,24 abr 2026,10:23:15,10:24:57,0:01:42,MLBS406516591,
17364609,DEMANDA,SCP,ext_matvalle,mismo dia,24 abr 2026,10:25:43,10:26:43,0:01:00,MLM2887075121,
17369374,DEMANDA,SDC,ext_matvalle,mismo dia,24 abr 2026,10:26:43,10:27:03,0:00:20,MLBS406715420,
17370583,DEMANDA,SCP,ext_matvalle,mismo dia,24 abr 2026,11:03:36,11:04:30,0:00:54,MLA3232162724,
17371088,DEMANDA,SDC,ext_matvalle,mismo dia,24 abr 2026,11:20:55,11:21:11,0:00:16,MLBS406554485,
17371179,DEMANDA,SCP,ext_matvalle,mismo dia,24 abr 2026,11:32:54,11:34:20,0:01:26,MLB6666041508,
17371243,DEMANDA,SDC,ext_matvalle,mismo dia,24 abr 2026,11:40:40,11:40:58,0:00:18,MLBS406746292,
17371272,DEMANDA,SCP,ext_matvalle,mismo dia,24 abr 2026,11:44:48,11:45:37,0:00:49,CBT3946583512,
17371285,DEMANDA,SDC,ext_matvalle,mismo dia,24 abr 2026,11:45:37,11:45:59,0:00:22,MLBS406557263,
17371275,DEMANDA,SDC,ext_matvalle,mismo dia,24 abr 2026,11:46:14,11:46:41,0:00:27,MLBS406559031,
17371282,DEMANDA,SDC,ext_matvalle,mismo dia,24 abr 2026,11:48:36,11:50:31,0:01:55,MLBS406746372,
17371306,DEMANDA,SDC,ext_matvalle,mismo dia,24 abr 2026,11:50:31,11:53:16,0:02:45,MLBS406557813,
17371332,DEMANDA,SCP,ext_matvalle,mismo dia,24 abr 2026,11:54:30,11:55:17,0:00:47,MLB6662220042,
17371344,DEMANDA,SDC,ext_matvalle,mismo dia,24 abr 2026,11:55:17,11:55:33,0:00:16,MLBS406558345,
17371352,DEMANDA,SDC,ext_matvalle,mismo dia,24 abr 2026,11:56:05,11:57:57,0:01:52,MLMS406559553,
17371360,DEMANDA,SCP,ext_matvalle,mismo dia,24 abr 2026,11:57:57,11:58:53,0:00:56,MLB4631363787,
17371377,DEMANDA,SDC,ext_matvalle,mismo dia,24 abr 2026,12:01:17,12:03:05,0:01:48,MLBS406748942,
17310020,ENHANCEMENT,MAO,ext_matvalle,mismo dia,24 abr 2026,12:03:05,12:05:47,0:02:42,null,
17371620,DEMANDA,SCP,ext_matvalle,mismo dia,24 abr 2026,12:14:19,12:19:06,0:04:47,MLB6666183818,
17310728,ENHANCEMENT,MAO,ext_matvalle,mismo dia,24 abr 2026,12:19:37,12:22:04,0:02:27,null,
17310749,ENHANCEMENT,MAO,ext_matvalle,mismo dia,24 abr 2026,12:22:04,12:23:54,0:01:50,null,
17371689,DEMANDA,SCP,ext_matvalle,mismo dia,24 abr 2026,12:24:46,12:25:41,0:00:55,CBT3949404502,
17371700,DEMANDA,SDC,ext_matvalle,mismo dia,24 abr 2026,12:25:41,12:25:58,0:00:17,MLBS406569219,
17310699,ENHANCEMENT,MAO,ext_matvalle,mismo dia,24 abr 2026,12:25:59,12:27:47,0:01:48,null,
17371718,DEMANDA,SCP,ext_matvalle,mismo dia,24 abr 2026,12:27:47,12:28:42,0:00:55,MLA1763090025,
17371731,DEMANDA,SDC,ext_matvalle,mismo dia,24 abr 2026,12:30:18,12:30:52,0:00:34,MLAS406554081,
17371734,DEMANDA,SDC,ext_matvalle,mismo dia,24 abr 2026,12:30:53,12:31:21,0:00:28,MLBS406565541,
17371766,DEMANDA,SCP,ext_matvalle,mismo dia,24 abr 2026,12:33:04,12:33:37,0:00:33,MLB6666245484,
17371772,DEMANDA,SCP,ext_matvalle,mismo dia,24 abr 2026,12:33:38,12:34:43,0:01:05,MLA3146941030,
17371776,DEMANDA,SCP,ext_matvalle,mismo dia,24 abr 2026,12:35:21,12:36:00,0:00:39,MLC1938118179,
17371792,DEMANDA,SDC,ext_matvalle,mismo dia,24 abr 2026,12:36:00,12:37:32,0:01:32,MLBS406568241,
17371807,DEMANDA,SCP,ext_matvalle,mismo dia,24 abr 2026,12:37:42,12:38:16,0:00:34,MLB4631474755,
17372254,DEMANDA,SDC,ext_matvalle,mismo dia,24 abr 2026,14:00:39,14:01:22,0:00:43,MLBS406597309,
17372310,DEMANDA,SDC,ext_matvalle,mismo dia,24 abr 2026,14:03:03,14:03:32,0:00:29,MLBS406796968,
17372355,DEMANDA,SDC,ext_matvalle,mismo dia,24 abr 2026,14:03:32,14:04:21,0:00:49,MLAS406617037,
17372508,DEMANDA,SDC,ext_matvalle,mismo dia,24 abr 2026,14:04:35,14:05:37,0:01:02,MLAS406814650,
17372536,DEMANDA,SDC,ext_matvalle,mismo dia,24 abr 2026,14:05:52,14:06:47,0:00:55,MLBS406636725,
17373017,DEMANDA,SCP,ext_matvalle,mismo dia,24 abr 2026,14:48:19,14:49:24,0:01:05,MLB4631726505,
17373059,DEMANDA,SDC,ext_matvalle,mismo dia,24 abr 2026,14:51:57,14:52:19,0:00:22,MLCS406877386,
17373032,DEMANDA,SDC,ext_matvalle,mismo dia,24 abr 2026,14:52:19,14:53:08,0:00:49,MLBS406687183,
17373079,DEMANDA,SCP,ext_matvalle,mismo dia,24 abr 2026,14:54:35,15:26:02,0:31:27,MLM5240721412,
17373527,DEMANDA,SDC,ext_matvalle,mismo dia,24 abr 2026,15:26:03,15:26:26,0:00:23,MLBS406906846,
17373549,DEMANDA,SCP,ext_matvalle,mismo dia,24 abr 2026,15:30:02,15:31:06,0:01:04,MLB4631807101,
17373555,DEMANDA,SCP,ext_matvalle,mismo dia,24 abr 2026,15:31:54,15:32:51,0:00:57,MLA1763252687,
17373567,DEMANDA,SDC,ext_matvalle,mismo dia,24 abr 2026,15:32:51,15:44:32,0:11:41,MLBS406714527,
17373666,DEMANDA,SDC,ext_matvalle,mismo dia,24 abr 2026,15:45:26,15:45:40,0:00:14,MLBS406718141,
17373657,DEMANDA,SDC,ext_matvalle,mismo dia,24 abr 2026,15:45:40,15:46:23,0:00:43,MLBS406908052,
17373681,DEMANDA,SCP,ext_matvalle,mismo dia,24 abr 2026,15:47:10,15:52:33,0:05:23,MLB4631804247,
17373730,DEMANDA,SCP,ext_matvalle,mismo dia,24 abr 2026,15:53:28,16:00:58,0:07:30,MLB6666801528,
17373791,DEMANDA,SDC,ext_matvalle,mismo dia,24 abr 2026,16:01:51,16:03:39,0:01:48,MLBS406912362,
17373809,DEMANDA,SDC,ext_matvalle,mismo dia,24 abr 2026,16:05:15,16:10:30,0:05:15,MLBS406912214,
17356625,ENHANCEMENT,MAO,ext_matvalle,mismo dia,24 abr 2026,16:19:08,16:29:36,0:10:28,null,
17374185,DEMANDA,SCP,ext_matvalle,mismo dia,24 abr 2026,16:30:39,16:32:24,0:01:45,MLB6666843194,
17374205,DEMANDA,SDC,ext_matvalle,mismo dia,24 abr 2026,16:32:24,16:32:59,0:00:35,MLBS406915852,
17374220,DEMANDA,SDC,ext_matvalle,mismo dia,24 abr 2026,16:32:59,16:33:30,0:00:31,MLMS406919526,
17374233,DEMANDA,SCP,ext_matvalle,mismo dia,24 abr 2026,16:33:38,16:39:17,0:05:39,MLB6666869270,
17374272,DEMANDA,SDC,ext_matvalle,mismo dia,24 abr 2026,16:41:51,16:42:07,0:00:16,MLBS406917486,
17374283,DEMANDA,SDC,ext_matvalle,mismo dia,24 abr 2026,16:42:08,16:43:02,0:00:54,MLMS406728921,
17356511,ENHANCEMENT,MAO,ext_matvalle,mismo dia,24 abr 2026,16:43:03,16:45:39,0:02:36,null,
17374298,DEMANDA,SDC,ext_matvalle,mismo dia,24 abr 2026,16:45:39,16:47:08,0:01:29,MLMS406920636,
17356676,ENHANCEMENT,MAO,ext_matvalle,mismo dia,24 abr 2026,16:47:53,16:51:10,0:03:17,null,
17374345,DEMANDA,SDC,ext_matvalle,mismo dia,24 abr 2026,16:52:01,16:52:21,0:00:20,MLBS406919014,
17374341,DEMANDA,SDC,ext_matvalle,mismo dia,24 abr 2026,16:52:21,16:52:51,0:00:30,MLBS406920666,
17374363,DEMANDA,SCP,ext_matvalle,mismo dia,24 abr 2026,16:52:51,16:54:11,0:01:20,MLA3233048986,
17376881,DEMANDA,SCP,ext_matvalle,mismo dia,27 abr 2026,9:45:38,9:46:38,0:01:00,MLB4632705147,
17376906,DEMANDA,SCP,ext_matvalle,mismo dia,27 abr 2026,9:46:39,9:47:40,0:01:01,MLB6657408600,
17376919,DEMANDA,SCP,ext_matvalle,mismo dia,27 abr 2026,9:47:40,9:48:06,0:00:26,MLM2889549617,
17376927,DEMANDA,SCP,ext_matvalle,mismo dia,27 abr 2026,9:48:06,9:49:04,0:00:58,MLM2889524557,
17376952,DEMANDA,SCP,ext_matvalle,mismo dia,27 abr 2026,9:49:27,9:50:17,0:00:50,MLB4590002203,
17376971,DEMANDA,SCP,ext_matvalle,mismo dia,27 abr 2026,9:50:17,9:51:02,0:00:45,MLB6309718742,
17376983,DEMANDA,SCP,ext_matvalle,mismo dia,27 abr 2026,9:51:02,9:51:39,0:00:37,MLB6555910930,
17376994,DEMANDA,SCP,ext_matvalle,mismo dia,27 abr 2026,9:51:40,9:52:14,0:00:34,MLB4586992897,
17377016,DEMANDA,SCP,ext_matvalle,mismo dia,27 abr 2026,9:52:14,9:52:34,0:00:20,MLB6582957532,
17377122,DEMANDA,SDC,ext_matvalle,mismo dia,27 abr 2026,9:52:34,9:53:52,0:01:18,MLMS407035454,
17377032,DEMANDA,SCP,ext_matvalle,mismo dia,27 abr 2026,9:53:52,9:55:06,0:01:14,MLM2889526789,
17377057,DEMANDA,SCP,ext_matvalle,mismo dia,27 abr 2026,9:55:06,9:55:37,0:00:31,MLM5243295038,
17377067,DEMANDA,SCP,ext_matvalle,mismo dia,27 abr 2026,9:55:37,9:56:02,0:00:25,MLM2889579189,
17377076,DEMANDA,SCP,ext_matvalle,mismo dia,27 abr 2026,9:56:02,9:56:51,0:00:49,MLB6662867824,
17377162,DEMANDA,SDC,ext_matvalle,mismo dia,27 abr 2026,9:56:51,9:57:09,0:00:18,MLMS407041828,
17381682,DEMANDA,SCP,ext_matvalle,mismo dia,27 abr 2026,10:31:36,10:32:34,0:00:58,MLB4634191709,
17381707,DEMANDA,SCP,ext_matvalle,mismo dia,27 abr 2026,10:32:34,10:36:28,0:03:54,MLB4634183245,
17382224,DEMANDA,SDC,ext_matvalle,mismo dia,27 abr 2026,10:36:40,10:37:52,0:01:12,MLBS406928539,
17382406,DEMANDA,SDC,ext_matvalle,mismo dia,27 abr 2026,10:38:17,10:39:55,0:01:38,MLBS407119694,
17382569,DEMANDA,SDC,ext_matvalle,mismo dia,27 abr 2026,10:40:50,10:41:54,0:01:04,MLBS407139154,
17382736,DEMANDA,SDC,ext_matvalle,mismo dia,27 abr 2026,10:43:54,10:44:19,0:00:25,MLBS407200162,
17382528,DEMANDA,SCP,ext_matvalle,mismo dia,27 abr 2026,10:44:20,10:44:48,0:00:28,CBT3949405928,
17382781,DEMANDA,SDC,ext_matvalle,mismo dia,27 abr 2026,10:45:36,10:46:34,0:00:58,MLBS407241342,
17382776,DEMANDA,SDC,ext_matvalle,mismo dia,27 abr 2026,10:46:34,10:47:35,0:01:01,MLAS407246704,
17382806,DEMANDA,SDC,ext_matvalle,mismo dia,27 abr 2026,10:48:59,10:49:43,0:00:44,MLCS407259302,
17403826,DEMANDA,ENHANCED CONTENT,ext_matvalle,mismo dia,27 abr 2026,10:49:44,10:50:57,0:01:13,https://catalog-domains.adminml.com/catalogo/marcas/plantillas/revisor/b415f14a-548f-47cc-9f84-a85e8d31ac9e,
17382874,DEMANDA,SDC,ext_matvalle,mismo dia,27 abr 2026,10:52:19,10:53:48,0:01:29,MLBS407279240,
17382929,DEMANDA,SDC,ext_matvalle,mismo dia,27 abr 2026,10:53:48,10:54:07,0:00:19,MLBS407290036,
17389673,DEMANDA,SDC,ext_matvalle,mismo dia,27 abr 2026,11:17:53,11:18:18,0:00:25,MLBS407222771,
17389711,DEMANDA,SDC,ext_matvalle,mismo dia,27 abr 2026,11:18:19,11:19:52,0:01:33,MLAS407230029,
17389787,DEMANDA,SDC,ext_matvalle,mismo dia,27 abr 2026,11:20:07,11:21:16,0:01:09,MLBS407237691,
17389961,DEMANDA,SDC,ext_matvalle,mismo dia,27 abr 2026,11:25:15,11:25:35,0:00:20,MLBS407267533,
17389948,DEMANDA,SDC,ext_matvalle,mismo dia,27 abr 2026,11:25:51,11:27:20,0:01:29,MLBS407454682,
17390041,DEMANDA,SDC,ext_matvalle,mismo dia,27 abr 2026,11:27:20,11:28:27,0:01:07,MLBS407458734,
17389939,DEMANDA,SCP,ext_matvalle,mismo dia,27 abr 2026,11:28:27,11:29:02,0:00:35,MLM2892571353,
17390179,DEMANDA,SDC,ext_matvalle,mismo dia,27 abr 2026,11:31:22,11:32:54,0:01:32,MLMS407464934,
17390122,DEMANDA,SCP,ext_matvalle,mismo dia,27 abr 2026,11:38:35,11:39:53,0:01:18,MLB6657371340,
17390262,DEMANDA,SDC,ext_matvalle,mismo dia,27 abr 2026,11:39:53,11:40:28,0:00:35,MLMS407469522,
17390276,DEMANDA,SCP,ext_matvalle,mismo dia,27 abr 2026,11:47:02,11:48:18,0:01:16,MLM5249603904,
17390306,DEMANDA,SCP,ext_matvalle,mismo dia,27 abr 2026,11:48:18,11:49:17,0:00:59,MLM2892578363,
17390344,DEMANDA,SCP,ext_matvalle,mismo dia,27 abr 2026,11:50:58,11:51:53,0:00:55,CBT3949484328,
17404609,DEMANDA,ENHANCED CONTENT,ext_matvalle,mismo dia,27 abr 2026,11:52:34,11:53:20,0:00:46,https://catalog-domains.adminml.com/catalogo/marcas/plantillas/revisor/85480440-9f27-43f9-9549-1219d9eac9e2,
17390374,DEMANDA,SCP,ext_matvalle,mismo dia,27 abr 2026,11:53:20,11:53:59,0:00:39,CBT3939940678,
17390379,DEMANDA,SCP,ext_matvalle,mismo dia,27 abr 2026,11:54:00,11:54:32,0:00:32,MLM5249610714,
17390491,DEMANDA,SDC,ext_matvalle,mismo dia,27 abr 2026,11:54:32,11:55:28,0:00:56,MLMS407482512,
17390396,DEMANDA,SCP,ext_matvalle,mismo dia,27 abr 2026,11:55:49,11:57:16,0:01:27,MLB6601206584,
17397012,DEMANDA,SCP,ext_matvalle,mismo dia,27 abr 2026,12:08:14,12:11:42,0:03:28,MLM5250562112,
17403075,DEMANDA,SDC,ext_matvalle,mismo dia,27 abr 2026,12:11:42,12:12:10,0:00:28,MLAS407495004,
17402196,DEMANDA,SCP,ext_matvalle,mismo dia,27 abr 2026,12:12:26,12:13:16,0:00:50,MLM5250577776,
17402806,DEMANDA,SDC,ext_matvalle,mismo dia,27 abr 2026,12:13:16,12:16:41,0:03:25,MLAS407306191,
17403178,DEMANDA,SDC,ext_matvalle,mismo dia,27 abr 2026,12:16:41,12:17:13,0:00:32,MLBS407498526,
17403606,DEMANDA,SDC,ext_matvalle,mismo dia,27 abr 2026,12:17:13,12:17:57,0:00:44,MLAS407498976,
17403274,DEMANDA,SDC,ext_matvalle,mismo dia,27 abr 2026,12:18:12,12:19:19,0:01:07,MLBS407309941,
17402780,DEMANDA,SCP,ext_matvalle,mismo dia,27 abr 2026,12:19:19,12:20:22,0:01:03,MLU689456103,
17403610,DEMANDA,SDC,ext_matvalle,mismo dia,27 abr 2026,12:20:22,12:20:56,0:00:34,MLAS407499974,
17403753,DEMANDA,SDC,ext_matvalle,mismo dia,27 abr 2026,12:20:56,12:26:58,0:06:02,MLBS407310971,
17403776,DEMANDA,SDC,ext_matvalle,mismo dia,27 abr 2026,12:26:58,12:27:56,0:00:58,MLBS407312635,
17403119,DEMANDA,SCP,ext_matvalle,mismo dia,27 abr 2026,12:27:56,12:29:39,0:01:43,MLA1484224975,
17403847,DEMANDA,SDC,ext_matvalle,mismo dia,27 abr 2026,12:29:39,12:30:42,0:01:03,MLAS407501724,
17405332,DEMANDA,SDC,ext_matvalle,mismo dia,27 abr 2026,14:18:08,14:18:39,0:00:31,MLBS407333203,
17405756,DEMANDA,SDC,ext_matvalle,mismo dia,27 abr 2026,14:18:39,14:18:58,0:00:19,MLBS407333951,
17404615,DEMANDA,SCP,ext_matvalle,mismo dia,27 abr 2026,14:18:58,14:20:15,0:01:17,MLB6676032660,
17405843,DEMANDA,SDC,ext_matvalle,mismo dia,27 abr 2026,14:20:15,14:24:07,0:03:52,MLAS407336231,
17406063,DEMANDA,SDC,ext_matvalle,mismo dia,27 abr 2026,14:24:07,14:27:26,0:03:19,MLBS407337943,
17406101,DEMANDA,SDC,ext_matvalle,mismo dia,27 abr 2026,14:27:26,14:28:51,0:01:25,MLAS407339553,
17405976,DEMANDA,SDC,ext_matvalle,mismo dia,27 abr 2026,14:28:51,14:30:10,0:01:19,MLAS407529684,
17405193,DEMANDA,SCP,ext_matvalle,mismo dia,27 abr 2026,14:30:10,14:31:49,0:01:39,MLB6676219388,
17406590,DEMANDA,SDC,ext_matvalle,mismo dia,27 abr 2026,14:44:44,14:45:12,0:00:28,MLBS407567550,
17405811,DEMANDA,SCP,ext_matvalle,mismo dia,27 abr 2026,14:45:12,14:46:49,0:01:37,MLA3240822756,
17406621,DEMANDA,SDC,ext_matvalle,mismo dia,27 abr 2026,14:46:49,14:47:06,0:00:17,MLBS407378573,
17405909,DEMANDA,SCP,ext_matvalle,mismo dia,27 abr 2026,14:47:58,14:49:20,0:01:22,MLB6676372732,
17406705,DEMANDA,ENHANCED CONTENT,ext_matvalle,mismo dia,27 abr 2026,14:49:21,14:49:41,0:00:20,https://catalog-domains.adminml.com/catalogo/marcas/plantillas/revisor/c453eeeb-8a69-4739-8efe-8ec14195d6be,
17406739,DEMANDA,ENHANCED CONTENT,ext_matvalle,mismo dia,27 abr 2026,14:52:47,14:53:04,0:00:17,https://catalog-domains.adminml.com/catalogo/marcas/plantillas/revisor/8bf5030a-cfd6-4213-89f9-f05f4481cd82,
17406364,DEMANDA,SCP,ext_matvalle,mismo dia,27 abr 2026,14:53:04,14:53:43,0:00:39,MLB6676423158,
17406131,DEMANDA,SCP,ext_matvalle,mismo dia,27 abr 2026,14:53:46,15:02:29,0:08:43,MLB6673515574,
17406786,DEMANDA,SCP,ext_matvalle,mismo dia,27 abr 2026,15:02:29,15:04:27,0:01:58,MLB4637672327,
17407289,DEMANDA,SCP,ext_matvalle,mismo dia,27 abr 2026,15:27:37,15:28:21,0:00:44,MLB4637734401,
17407339,DEMANDA,SCP,ext_matvalle,mismo dia,27 abr 2026,15:34:50,15:36:08,0:01:18,MLB4637751117,
17407353,DEMANDA,SDC,ext_matvalle,mismo dia,27 abr 2026,15:36:08,15:36:56,0:00:48,MLBS407405217,
17407346,DEMANDA,SDC,ext_matvalle,mismo dia,27 abr 2026,15:36:56,15:46:43,0:09:47,MLBS407607588,
17407476,DEMANDA,ENHANCED CONTENT,ext_matvalle,mismo dia,27 abr 2026,15:46:44,15:48:14,0:01:30,https://catalog-domains.adminml.com/catalogo/marcas/plantillas/revisor/725c6c03-8f01-48ba-b7ba-c555ed097804,
17407504,DEMANDA,ENHANCED CONTENT,ext_matvalle,mismo dia,27 abr 2026,15:50:49,15:51:04,0:00:15,https://catalog-domains.adminml.com/catalogo/marcas/plantillas/revisor/35553c8e-3acd-43b5-81ee-0937efdfa704,
17407505,DEMANDA,SCP,ext_matvalle,mismo dia,27 abr 2026,15:51:04,15:53:57,0:02:53,MLB6675979710,
17407524,DEMANDA,SCP,ext_matvalle,mismo dia,27 abr 2026,15:54:45,15:56:03,0:01:18,MLB4637832163,
17407545,DEMANDA,SDC,ext_matvalle,mismo dia,27 abr 2026,15:56:03,15:56:18,0:00:15,MLBS407625182,
17357357,ENHANCEMENT,MAO,ext_matvalle,mismo dia,27 abr 2026,15:59:52,16:02:08,0:02:16,null,
17407604,DEMANDA,ENHANCED CONTENT,ext_matvalle,mismo dia,27 abr 2026,16:02:36,16:02:52,0:00:16,https://catalog-domains.adminml.com/catalogo/marcas/plantillas/revisor/785f554c-a30a-4ddf-94f1-4bc9f86dce19,
17408027,DEMANDA,SCP,ext_matvalle,mismo dia,27 abr 2026,16:22:51,16:25:11,0:02:20,MLB6676816804,
17408048,DEMANDA,SDC,ext_matvalle,mismo dia,27 abr 2026,16:25:23,16:26:08,0:00:45,MLBS407644860,
17408057,DEMANDA,SDC,ext_matvalle,mismo dia,27 abr 2026,16:26:08,16:26:56,0:00:48,MLAS407473577,
17408065,DEMANDA,SCP,ext_matvalle,mismo dia,27 abr 2026,16:26:57,16:28:19,0:01:22,MLB6676837290,
17411431,DEMANDA,SDC,ext_matvalle,mismo dia,28 abr 2026,9:42:32,9:43:05,0:00:33,MLBS407560663,
17411470,DEMANDA,SDC,ext_matvalle,mismo dia,28 abr 2026,9:43:27,9:44:03,0:00:36,MLMS407561327,
17410582,DEMANDA,SCP,ext_matvalle,mismo dia,28 abr 2026,9:44:03,9:45:28,0:01:25,MLM5243338072,
17411479,DEMANDA,SDC,ext_matvalle,mismo dia,28 abr 2026,9:45:28,9:46:33,0:01:05,MLAS407751212,
17410632,DEMANDA,SCP,ext_matvalle,mismo dia,28 abr 2026,9:46:33,9:48:06,0:01:33,MLB6677662974,
17410679,DEMANDA,SCP,ext_matvalle,mismo dia,28 abr 2026,9:48:46,9:49:34,0:00:48,CBT3949406398,
17410698,DEMANDA,SCP,ext_matvalle,mismo dia,28 abr 2026,9:49:34,9:50:44,0:01:10,MLA3242012518,
17410748,DEMANDA,SCP,ext_matvalle,mismo dia,28 abr 2026,9:50:44,9:51:46,0:01:02,MLM2835578763,
17410771,DEMANDA,SCP,ext_matvalle,mismo dia,28 abr 2026,9:51:46,9:52:21,0:00:35,MLM2884299413,
17410813,DEMANDA,SCP,ext_matvalle,mismo dia,28 abr 2026,9:52:21,9:53:12,0:00:51,MLB6505675314,
17410883,DEMANDA,SCP,ext_matvalle,mismo dia,28 abr 2026,9:53:12,9:54:22,0:01:10,MLB6644877044,
17410981,DEMANDA,SCP,ext_matvalle,mismo dia,28 abr 2026,9:54:22,9:55:38,0:01:16,MLA2655387966,
17411015,DEMANDA,SCP,ext_matvalle,mismo dia,28 abr 2026,9:55:38,9:56:46,0:01:08,MLB4597570623,
17411125,DEMANDA,SCP,ext_matvalle,mismo dia,28 abr 2026,9:56:46,9:57:44,0:00:58,MLM2893255095,
17411159,DEMANDA,SCP,ext_matvalle,mismo dia,28 abr 2026,9:57:45,9:58:46,0:01:01,MLB6257695822,
17411229,DEMANDA,SCP,ext_matvalle,mismo dia,28 abr 2026,9:58:46,10:18:35,0:19:49,MLA3112494038,
17412029,DEMANDA,SCP,ext_matvalle,mismo dia,28 abr 2026,10:19:21,10:21:05,0:01:44,CBT3969801636,
17412089,DEMANDA,SCP,ext_matvalle,mismo dia,28 abr 2026,10:21:05,10:22:17,0:01:12,MLB4638940085,
17412113,DEMANDA,SCP,ext_matvalle,mismo dia,28 abr 2026,10:22:17,10:23:24,0:01:07,MLC1922923339,
17414258,DEMANDA,SCP,ext_matvalle,mismo dia,28 abr 2026,10:24:56,10:27:17,0:02:21,CBT3969788660,
17416182,DEMANDA,SDC,ext_matvalle,mismo dia,28 abr 2026,10:27:17,10:28:16,0:00:59,MLCS407593879,
17415857,DEMANDA,SCP,ext_matvalle,mismo dia,28 abr 2026,10:28:16,10:29:32,0:01:16,MLB4638931991,
17415920,DEMANDA,SCP,ext_matvalle,mismo dia,28 abr 2026,10:29:55,10:30:58,0:01:03,MLM5255427452,
17416129,DEMANDA,SCP,ext_matvalle,mismo dia,28 abr 2026,10:34:25,10:35:34,0:01:09,MLM5255428644,
17416142,DEMANDA,SCP,ext_matvalle,mismo dia,28 abr 2026,10:36:19,10:37:15,0:00:56,MLM2889985939,
17411547,DEMANDA,SDC,ext_matvalle,mismo dia,28 abr 2026,10:37:16,10:38:15,0:00:59,MLMS407564025,
17417012,DEMANDA,SDC,ext_matvalle,mismo dia,28 abr 2026,10:38:15,10:39:07,0:00:52,MLBS407789848,
17416999,DEMANDA,SDC,ext_matvalle,mismo dia,28 abr 2026,10:39:07,10:40:17,0:01:10,MLBS407599975,
17417137,DEMANDA,SDC,ext_matvalle,mismo dia,28 abr 2026,10:40:17,10:40:36,0:00:19,MLBS407602063,
17417165,DEMANDA,SDC,ext_matvalle,mismo dia,28 abr 2026,10:40:36,10:41:54,0:01:18,MLBS407602541,
17417890,DEMANDA,SDC,ext_matvalle,mismo dia,28 abr 2026,11:12:25,11:13:20,0:00:55,MLAS407795494,
17357683,ENHANCEMENT,MAO,ext_matvalle,mismo dia,28 abr 2026,11:13:21,11:18:13,0:04:52,null,
17358250,ENHANCEMENT,MAO,ext_matvalle,mismo dia,28 abr 2026,11:18:54,11:20:04,0:01:10,null,
17417976,DEMANDA,SDC,ext_matvalle,mismo dia,28 abr 2026,11:21:46,11:22:36,0:00:50,MLBS407795552,
17418028,DEMANDA,SDC,ext_matvalle,mismo dia,28 abr 2026,11:25:27,11:25:55,0:00:28,MLBS407795596,
17418115,DEMANDA,SDC,ext_matvalle,mismo dia,28 abr 2026,11:35:42,11:37:09,0:01:27,MLAS407796188,
17418204,DEMANDA,SCP,ext_matvalle,mismo dia,28 abr 2026,11:43:46,11:44:13,0:00:27,MLM5254063066,
17418230,DEMANDA,SDC,ext_matvalle,mismo dia,28 abr 2026,11:45:46,11:46:14,0:00:28,MLBS407796866,
17418235,DEMANDA,ENHANCED CONTENT,ext_matvalle,mismo dia,28 abr 2026,11:46:15,11:46:40,0:00:25,https://catalog-domains.adminml.com/catalogo/marcas/plantillas/revisor/7bbc4716-cd5d-4bc9-8e08-df4ccd269d8c,
17418239,DEMANDA,SCP,ext_matvalle,mismo dia,28 abr 2026,11:46:40,11:47:54,0:01:14,MLB4639715661,
17418253,DEMANDA,SCP,ext_matvalle,mismo dia,28 abr 2026,11:47:54,11:49:29,0:01:35,MLA1767899335,
17418261,DEMANDA,SCP,ext_matvalle,mismo dia,28 abr 2026,11:49:29,11:51:04,0:01:35,MLB6680648926,
17418273,DEMANDA,SCP,ext_matvalle,mismo dia,28 abr 2026,11:51:04,11:53:55,0:02:51,MLB4639950535,
17418285,DEMANDA,SDC,ext_matvalle,mismo dia,28 abr 2026,11:54:26,11:55:05,0:00:39,MLBS407798362,
17418323,DEMANDA,SCP,ext_matvalle,mismo dia,28 abr 2026,11:55:05,11:55:52,0:00:47,MLM2896581761,
17418331,DEMANDA,SCP,ext_matvalle,mismo dia,28 abr 2026,11:55:52,12:20:51,0:24:59,MLM5254063044,
17358014,ENHANCEMENT,MAO,ext_matvalle,mismo dia,28 abr 2026,12:21:22,12:23:22,0:02:00,null,
17418733,DEMANDA,ENHANCED CONTENT,ext_matvalle,mismo dia,28 abr 2026,12:30:55,12:31:13,0:00:18,https://catalog-domains.adminml.com/catalogo/marcas/plantillas/revisor/5e97ff0d-684f-4d07-8599-f04ea22797aa,
17418747,DEMANDA,SDC,ext_matvalle,mismo dia,28 abr 2026,12:31:43,12:32:21,0:00:38,MLBS407800444,
17418736,DEMANDA,SDC,ext_matvalle,mismo dia,28 abr 2026,12:32:22,12:33:22,0:01:00,MLBS407802548,
17418780,DEMANDA,SDC,ext_matvalle,mismo dia,28 abr 2026,12:36:13,12:36:42,0:00:29,MLAS407613033,
17418774,DEMANDA,SDC,ext_matvalle,mismo dia,28 abr 2026,12:36:42,12:37:00,0:00:18,MLAS407614433,
17418785,DEMANDA,SDC,ext_matvalle,mismo dia,28 abr 2026,12:37:00,12:37:26,0:00:26,MLAS407614275,
17418793,DEMANDA,SCP,ext_matvalle,mismo dia,28 abr 2026,12:37:26,12:38:38,0:01:12,MLA3244609914,
17418851,DEMANDA,SDC,ext_matvalle,mismo dia,28 abr 2026,12:45:41,12:48:00,0:02:19,MLBS407614489,
17418921,DEMANDA,SCP,ext_matvalle,mismo dia,28 abr 2026,12:54:57,12:56:32,0:01:35,MLB4640129665,
17418930,DEMANDA,SDC,ext_matvalle,mismo dia,28 abr 2026,12:56:32,12:56:59,0:00:27,MLBS407804778,
17419280,DEMANDA,SDC,ext_matvalle,mismo dia,28 abr 2026,14:05:09,14:05:31,0:00:22,MLAS407618935,
17419273,DEMANDA,SDC,ext_matvalle,mismo dia,28 abr 2026,14:05:31,14:06:17,0:00:46,MLBS407619917,
17419453,DEMANDA,SDC,ext_matvalle,mismo dia,28 abr 2026,14:06:17,14:07:16,0:00:59,MLBS407624035,
17419406,DEMANDA,SDC,ext_matvalle,mismo dia,28 abr 2026,14:07:16,14:09:42,0:02:26,MLBS407817846,
17419580,DEMANDA,SDC,ext_matvalle,mismo dia,28 abr 2026,14:10:52,14:11:28,0:00:36,MLBS407822184,
17419838,DEMANDA,SDC,ext_matvalle,mismo dia,28 abr 2026,14:11:47,14:13:40,0:01:53,MLBS407823298,
17419421,DEMANDA,SCP,ext_matvalle,mismo dia,28 abr 2026,14:14:10,14:15:12,0:01:02,MLB4640227611,
17419868,DEMANDA,ENHANCED CONTENT,ext_matvalle,mismo dia,28 abr 2026,14:15:13,14:15:27,0:00:14,https://catalog-domains.adminml.com/catalogo/marcas/plantillas/revisor/4f5c3fd1-6a39-4c96-8be9-d1f8062d98d6,
17419565,DEMANDA,SCP,ext_matvalle,mismo dia,28 abr 2026,14:15:48,14:16:43,0:00:55,MLB4640233369,
17419627,DEMANDA,SCP,ext_matvalle,mismo dia,28 abr 2026,14:16:44,14:17:22,0:00:38,MLB6681394778,
17419823,DEMANDA,SCP,ext_matvalle,mismo dia,28 abr 2026,14:17:22,14:18:19,0:00:57,MLB6681373306,
17358715,ENHANCEMENT,MAO,ext_matvalle,mismo dia,28 abr 2026,14:18:20,14:20:38,0:02:18,null,
17419896,DEMANDA,SCP,ext_matvalle,mismo dia,28 abr 2026,14:20:39,14:21:14,0:00:35,MLM5257417524,
17420174,DEMANDA,SDC,ext_matvalle,mismo dia,28 abr 2026,14:55:43,14:56:03,0:00:20,MLBS407638063,
17420180,DEMANDA,SDC,ext_matvalle,mismo dia,28 abr 2026,14:56:38,14:57:59,0:01:21,MLMS407827950,
17420190,DEMANDA,SCP,ext_matvalle,mismo dia,28 abr 2026,14:57:59,14:58:33,0:00:34,MLB6677667906,
17420515,DEMANDA,SCP,ext_matvalle,mismo dia,28 abr 2026,15:14:58,15:16:23,0:01:25,MLB6629114770,
17358474,ENHANCEMENT,MAO,ext_matvalle,mismo dia,28 abr 2026,15:16:40,15:27:08,0:10:28,null,
17420757,DEMANDA,SDC,ext_matvalle,mismo dia,28 abr 2026,15:41:29,15:41:56,0:00:27,MLBS407829790,
17420773,DEMANDA,SCP,ext_matvalle,mismo dia,28 abr 2026,15:42:22,15:45:54,0:03:32,MLB6682343282,
17420812,DEMANDA,SDC,ext_matvalle,mismo dia,28 abr 2026,15:45:55,15:46:44,0:00:49,MLBS407830066,
17420979,DEMANDA,SCP,ext_matvalle,mismo dia,28 abr 2026,16:03:17,16:04:57,0:01:40,MLB4640570713,
17420991,DEMANDA,SDC,ext_matvalle,mismo dia,28 abr 2026,16:05:25,16:05:46,0:00:21,MLAS407832186,
17420997,DEMANDA,SDC,ext_matvalle,mismo dia,28 abr 2026,16:05:46,16:07:37,0:01:51,MLMS407834286,
17359103,ENHANCEMENT,MAO,ext_matvalle,mismo dia,28 abr 2026,16:08:54,16:10:02,0:01:08,null,
17359074,ENHANCEMENT,MAO,ext_matvalle,mismo dia,28 abr 2026,16:11:40,16:22:12,0:10:32,null,
17359197,ENHANCEMENT,MAO,ext_matvalle,mismo dia,28 abr 2026,16:22:37,16:25:21,0:02:44,null,
17421326,DEMANDA,SDC,ext_matvalle,mismo dia,28 abr 2026,16:25:21,16:32:05,0:06:44,MLBS407646511,
17421396,DEMANDA,SCP,ext_matvalle,mismo dia,28 abr 2026,16:33:00,16:34:27,0:01:27,MLB4640675585,
17359008,ENHANCEMENT,MAO,ext_matvalle,mismo dia,28 abr 2026,16:34:28,16:40:29,0:06:01,null,
17421500,DEMANDA,ENHANCED CONTENT,ext_matvalle,mismo dia,28 abr 2026,16:40:29,16:40:45,0:00:16,https://catalog-domains.adminml.com/catalogo/marcas/plantillas/revisor/01f4d68b-44a3-487c-bf86-338ac2b2718a,
17421502,DEMANDA,ENHANCED CONTENT,ext_matvalle,mismo dia,28 abr 2026,16:40:45,16:40:58,0:00:13,https://catalog-domains.adminml.com/catalogo/marcas/plantillas/revisor/01f4d68b-44a3-487c-bf86-338ac2b2718a,
17421499,DEMANDA,SCP,ext_matvalle,mismo dia,28 abr 2026,16:41:30,16:42:29,0:00:59,MLB6676690798,
17421513,DEMANDA,SCP,ext_matvalle,mismo dia,28 abr 2026,16:42:29,16:43:07,0:00:38,MLB4640631113,
17423645,DEMANDA,SCP,ext_matvalle,mismo dia,29 abr 2026,9:47:25,9:49:11,0:01:46,MLM5253150208,
17423698,DEMANDA,SCP,ext_matvalle,mismo dia,29 abr 2026,9:49:11,9:50:02,0:00:51,CBT3969866586,
17423710,DEMANDA,SCP,ext_matvalle,mismo dia,29 abr 2026,9:50:03,9:51:12,0:01:09,CBT3969801698,
17423727,DEMANDA,SCP,ext_matvalle,mismo dia,29 abr 2026,9:51:12,9:52:31,0:01:19,MLB4638498811,
17424529,DEMANDA,SDC,ext_matvalle,mismo dia,29 abr 2026,9:52:31,9:54:38,0:02:07,MLBS407710215,
17424535,DEMANDA,SDC,ext_matvalle,mismo dia,29 abr 2026,9:54:38,9:55:45,0:01:07,MLBS407710209,
17423776,DEMANDA,SCP,ext_matvalle,mismo dia,29 abr 2026,9:55:45,9:56:44,0:00:59,MLB6683262534,
17423797,DEMANDA,SCP,ext_matvalle,mismo dia,29 abr 2026,9:56:44,9:57:56,0:01:12,MLM5254369800,
17423805,DEMANDA,SCP,ext_matvalle,mismo dia,29 abr 2026,9:57:56,9:58:57,0:01:01,MLB6674385852,
17424631,DEMANDA,SDC,ext_matvalle,mismo dia,29 abr 2026,9:58:57,10:02:18,0:03:21,MLMS407901542,
17423889,DEMANDA,SCP,ext_matvalle,mismo dia,29 abr 2026,10:02:18,10:03:57,0:01:39,MLB4638965379,
17423954,DEMANDA,SCP,ext_matvalle,mismo dia,29 abr 2026,10:03:57,10:06:09,0:02:12,CBT3949483504,
17424452,DEMANDA,SCP,ext_matvalle,mismo dia,29 abr 2026,10:06:10,10:08:46,0:02:36,MLB4641136977,
17424605,DEMANDA,SCP,ext_matvalle,mismo dia,29 abr 2026,10:08:47,10:37:08,0:28:21,MLM2892573839,
17425524,DEMANDA,SCP,ext_matvalle,mismo dia,29 abr 2026,10:37:08,10:38:48,0:01:40,MLB6512123112,
17425567,DEMANDA,SCP,ext_matvalle,mismo dia,29 abr 2026,10:38:48,10:40:37,0:01:49,MLB4600215407,
17429467,DEMANDA,SCP,ext_matvalle,mismo dia,29 abr 2026,11:01:14,11:03:08,0:01:54,MLM5261268282,
17430968,DEMANDA,SDC,ext_matvalle,mismo dia,29 abr 2026,10:40:37,11:05:46,0:25:09,MLBS407864498,
17430173,DEMANDA,SCP,ext_matvalle,mismo dia,29 abr 2026,11:08:25,11:10:09,0:01:44,MLU1187943098,
17430605,DEMANDA,SDC,ext_matvalle,mismo dia,29 abr 2026,11:10:09,11:11:38,0:01:29,MLBS407785567,
17430763,DEMANDA,SDC,ext_matvalle,mismo dia,29 abr 2026,11:11:38,11:15:05,0:03:27,MLBS407976276,
17430470,DEMANDA,SCP,ext_matvalle,mismo dia,29 abr 2026,11:15:05,11:17:24,0:02:19,MLU1202341992,
17431116,DEMANDA,SDC,ext_matvalle,mismo dia,29 abr 2026,11:17:24,11:19:23,0:01:59,MLBS407980726,
17430549,DEMANDA,SCP,ext_matvalle,mismo dia,29 abr 2026,11:19:23,11:21:15,0:01:52,MLB4642299885,
17430587,DEMANDA,SCP,ext_matvalle,mismo dia,29 abr 2026,11:21:16,11:22:51,0:01:35,MLB4642261207,
17431156,DEMANDA,SDC,ext_matvalle,mismo dia,29 abr 2026,11:23:36,11:38:41,0:15:05,MLBS407792629,
17431470,DEMANDA,SDC,ext_matvalle,mismo dia,29 abr 2026,11:38:41,11:43:22,0:04:41,MLBS407938432,
17358756,ENHANCEMENT,MAO,ext_matvalle,mismo dia,29 abr 2026,11:45:34,11:47:58,0:02:24,null,
17431562,DEMANDA,SDC,ext_matvalle,mismo dia,29 abr 2026,11:47:59,11:49:53,0:01:54,MLBS407987918,
17431571,DEMANDA,SCP,ext_matvalle,mismo dia,29 abr 2026,11:49:53,11:51:52,0:01:59,MLB6687179546,
17431581,DEMANDA,SDC,ext_matvalle,mismo dia,29 abr 2026,11:51:52,11:53:37,0:01:45,MLBS407800035,
17359522,ENHANCEMENT,MAO,ext_matvalle,mismo dia,29 abr 2026,12:13:10,12:15:01,0:01:51,null,
17359506,ENHANCEMENT,MAO,ext_matvalle,mismo dia,29 abr 2026,12:15:01,12:18:06,0:03:05,null,
17431935,DEMANDA,SCP,ext_matvalle,mismo dia,29 abr 2026,12:18:06,12:19:10,0:01:04,MLB4642645923,
17432164,DEMANDA,SDC,ext_matvalle,mismo dia,29 abr 2026,12:47:42,12:48:32,0:00:50,MLBS407805701,
17432153,DEMANDA,SDC,ext_matvalle,mismo dia,29 abr 2026,12:48:57,12:50:05,0:01:08,MLAS407813823,
17432173,DEMANDA,SCP,ext_matvalle,mismo dia,29 abr 2026,12:50:05,12:51:16,0:01:11,MLA1769500883,
17432181,DEMANDA,SDC,ext_matvalle,mismo dia,29 abr 2026,12:51:16,12:52:21,0:01:05,MLBS407809779,
17432222,DEMANDA,SCP,ext_matvalle,mismo dia,29 abr 2026,12:52:21,12:53:14,0:00:53,MLM5262376566,
17359403,ENHANCEMENT,MAO,ext_matvalle,mismo dia,29 abr 2026,12:53:15,14:14:06,1:20:51,null,
17432643,DEMANDA,SCP,ext_matvalle,mismo dia,29 abr 2026,14:14:06,14:15:06,0:01:00,MLB4642556765,
17432720,DEMANDA,SCP,ext_matvalle,mismo dia,29 abr 2026,14:15:06,14:16:28,0:01:22,MLA1769471349,
17432922,DEMANDA,SCP,ext_matvalle,mismo dia,29 abr 2026,14:17:18,14:18:11,0:00:53,MLB6682339788,
17359364,ENHANCEMENT,MAO,ext_matvalle,mismo dia,29 abr 2026,14:18:12,14:26:10,0:07:58,null,
17432979,DEMANDA,SCP,ext_matvalle,mismo dia,29 abr 2026,14:26:11,14:36:17,0:10:06,MLU1346611068,
17433076,DEMANDA,SCP,ext_matvalle,mismo dia,29 abr 2026,14:36:17,14:39:18,0:03:01,MLM2899129081,
17433098,DEMANDA,SDC,ext_matvalle,mismo dia,29 abr 2026,14:39:18,14:41:22,0:02:04,MLBS407858529,
17433188,DEMANDA,SDC,ext_matvalle,mismo dia,29 abr 2026,14:52:18,14:54:55,0:02:37,MLBS408050908,
17433229,DEMANDA,SCP,ext_matvalle,mismo dia,29 abr 2026,14:54:55,14:56:24,0:01:29,MLA3250201164,
17433264,DEMANDA,SDC,ext_matvalle,mismo dia,29 abr 2026,14:57:27,14:59:31,0:02:04,MLCS407858787,
17433293,DEMANDA,ENHANCED CONTENT,ext_matvalle,mismo dia,29 abr 2026,14:59:32,14:59:47,0:00:15,https://catalog-domains.adminml.com/catalogo/marcas/plantillas/revisor/374a05d0-f983-4296-b185-b316bc62ebb1,
17433283,DEMANDA,SCP,ext_matvalle,mismo dia,29 abr 2026,14:59:47,15:00:53,0:01:06,MLM5263914866,
17433314,DEMANDA,SDC,ext_matvalle,mismo dia,29 abr 2026,15:00:53,15:01:48,0:00:55,MLBS408048720,
17433437,DEMANDA,SDC,ext_matvalle,mismo dia,29 abr 2026,15:17:03,15:19:04,0:02:01,MLBS408050860,
17358968,ENHANCEMENT,MAO,ext_matvalle,mismo dia,29 abr 2026,12:19:11,15:23:33,3:04:22,null,
17433531,DEMANDA,SDC,ext_matvalle,mismo dia,29 abr 2026,15:27:09,15:28:11,0:01:02,MLBS408053874,
17360005,ENHANCEMENT,MAO,ext_matvalle,mismo dia,29 abr 2026,15:28:41,15:36:10,0:07:29,null,
17433643,DEMANDA,SCP,ext_matvalle,mismo dia,29 abr 2026,15:36:46,15:38:28,0:01:42,MLB4642620969,
17359967,ENHANCEMENT,MAO,ext_matvalle,mismo dia,29 abr 2026,15:39:50,15:41:00,0:01:10,null,
17433681,DEMANDA,SDC,ext_matvalle,mismo dia,29 abr 2026,15:41:00,15:41:55,0:00:55,MLBS408057092,
17434237,DEMANDA,SDC,ext_matvalle,mismo dia,29 abr 2026,16:21:00,16:21:57,0:00:57,MCOS407871161,
17434252,DEMANDA,SCP,ext_matvalle,mismo dia,29 abr 2026,16:21:57,16:22:49,0:00:52,MLB6688985404,
17359832,ENHANCEMENT,MAO,ext_matvalle,mismo dia,29 abr 2026,16:23:07,16:35:21,0:12:14,null,
17434389,DEMANDA,SDC,ext_matvalle,mismo dia,29 abr 2026,16:40:53,16:41:21,0:00:28,MLBS408062178,
17434385,DEMANDA,SDC,ext_matvalle,mismo dia,29 abr 2026,16:41:21,16:42:09,0:00:48,MLMS407873927,
17359770,ENHANCEMENT,MAO,ext_matvalle,mismo dia,29 abr 2026,16:44:53,16:46:30,0:01:37,null,
17434441,DEMANDA,SDC,ext_matvalle,mismo dia,29 abr 2026,16:46:39,16:47:04,0:00:25,MLBS408063420,
17434458,DEMANDA,SDC,ext_matvalle,mismo dia,29 abr 2026,16:51:04,16:52:03,0:00:59,MLBS408064488,
17434494,DEMANDA,SDC,ext_matvalle,mismo dia,29 abr 2026,16:57:18,16:59:25,0:02:07,MLBS408062910,
17434550,DEMANDA,SCP,ext_matvalle,mismo dia,29 abr 2026,17:01:42,17:03:10,0:01:28,MLB6689099370,
17434650,DEMANDA,SDC,ext_matvalle,mismo dia,29 abr 2026,17:06:51,17:08:33,0:01:42,MLBS408057100,
17434671,DEMANDA,SDC,ext_matvalle,mismo dia,29 abr 2026,17:08:33,17:09:28,0:00:55,MLMS407876691,
17434713,DEMANDA,SCP,ext_matvalle,mismo dia,29 abr 2026,17:16:20,17:18:26,0:02:06,MLB4643237063,
17360486,ENHANCEMENT,MAO,ext_matvalle,mismo dia,29 abr 2026,17:18:26,17:19:42,0:01:16,null,
17359314,ENHANCEMENT,MAO,ext_matvalle,mismo dia,29 abr 2026,15:01:48,17:31:46,2:29:58,null,
17360426,ENHANCEMENT,MAO,ext_matvalle,mismo dia,29 abr 2026,17:31:47,17:32:54,0:01:07,null,
17434879,DEMANDA,SDC,ext_matvalle,mismo dia,29 abr 2026,17:36:38,17:37:41,0:01:03,MLBS407877575,
17434898,DEMANDA,SDC,ext_matvalle,mismo dia,29 abr 2026,17:40:34,17:41:23,0:00:49,MLBS408067502,
17434913,DEMANDA,SCP,ext_matvalle,mismo dia,29 abr 2026,17:41:23,17:42:18,0:00:55,MLB4643325803,
17434922,DEMANDA,SCP,ext_matvalle,mismo dia,29 abr 2026,17:43:59,17:45:11,0:01:12,MLB4238413337,
17434944,DEMANDA,SDC,ext_matvalle,mismo dia,29 abr 2026,17:46:42,17:50:09,0:03:27,MLBS407879019,
17434969,DEMANDA,SDC,ext_matvalle,mismo dia,29 abr 2026,17:51:07,17:52:36,0:01:29,MLBS408068326,
17434986,DEMANDA,SCP,ext_matvalle,mismo dia,29 abr 2026,17:53:01,17:54:11,0:01:10,MLB5977805212,
17434991,DEMANDA,SCP,ext_matvalle,mismo dia,29 abr 2026,17:54:29,17:56:14,0:01:45,MLA1769766689,
17435014,DEMANDA,SDC,ext_matvalle,mismo dia,29 abr 2026,17:57:11,17:57:39,0:00:28,MLBS407878747,
17435013,DEMANDA,SDC,ext_matvalle,mismo dia,29 abr 2026,17:57:39,17:59:12,0:01:33,MLBS407878831,
17435007,DEMANDA,SDC,ext_matvalle,mismo dia,29 abr 2026,17:59:12,17:59:56,0:00:44,MLUS407879647,
17435030,DEMANDA,SCP,ext_matvalle,mismo dia,29 abr 2026,17:59:56,18:00:44,0:00:48,MLA1769781349,
17435048,DEMANDA,ENHANCED CONTENT,ext_matvalle,mismo dia,29 abr 2026,18:00:44,18:00:59,0:00:15,https://catalog-domains.adminml.com/catalogo/marcas/plantillas/revisor/ada3372e-eda6-419f-a895-139955c9046d,
17283758,DEMANDA,SCP,ext_mibrizue,mismo dia,20 abr 2026,9:48:38,9:49:29,0:00:51,MLC3886375016,
17283795,DEMANDA,SCP,ext_mibrizue,mismo dia,20 abr 2026,9:49:29,9:49:43,0:00:14,CBT3913927504,
17283797,DEMANDA,SCP,ext_mibrizue,mismo dia,20 abr 2026,9:49:43,9:49:50,0:00:07,MPE1067317368,
17283830,DEMANDA,SCP,ext_mibrizue,mismo dia,20 abr 2026,9:50:54,9:51:08,0:00:14,MLM2872988889,
17283879,DEMANDA,SDC,ext_mibrizue,mismo dia,20 abr 2026,9:51:08,9:51:36,0:00:28,MLBS405705875,
17283863,DEMANDA,SCP,ext_mibrizue,mismo dia,20 abr 2026,9:51:36,9:52:07,0:00:31,MLB6637842622,
17285360,DEMANDA,SDC,ext_mibrizue,mismo dia,20 abr 2026,10:02:22,10:03:57,0:01:35,MLBS405717557,
17285246,DEMANDA,SCP,ext_mibrizue,mismo dia,20 abr 2026,10:03:58,10:29:41,0:25:43,MLB4617044099,
17286773,DEMANDA,SCP,ext_mibrizue,mismo dia,20 abr 2026,10:29:41,10:43:08,0:13:27,MLB6639988024,
17283854,DEMANDA,SDC,ext_mibrizue,mismo dia,20 abr 2026,9:49:51,10:43:58,0:54:07,MLMS405893182,
17287149,DEMANDA,SCP,ext_mibrizue,mismo dia,20 abr 2026,10:43:58,10:51:41,0:07:43,MLM5205416452,
17288436,DEMANDA,SDC,ext_mibrizue,mismo dia,20 abr 2026,10:51:41,10:53:21,0:01:40,MLBS405859731,
17288540,DEMANDA,SDC,ext_mibrizue,mismo dia,20 abr 2026,10:53:21,10:56:37,0:03:16,MLMS406050772,
17288723,DEMANDA,SDC,ext_mibrizue,mismo dia,20 abr 2026,10:56:37,10:57:18,0:00:41,MLMS405867427,
17288728,DEMANDA,SDC,ext_mibrizue,mismo dia,20 abr 2026,10:57:18,10:58:11,0:00:53,MLBS405867257,
17288815,DEMANDA,SDC,ext_mibrizue,mismo dia,20 abr 2026,10:58:40,10:58:57,0:00:17,MLMS406058212,
17288804,DEMANDA,SDC,ext_mibrizue,mismo dia,20 abr 2026,10:58:57,10:59:34,0:00:37,MLBS405868655,
17288715,DEMANDA,SCP,ext_mibrizue,mismo dia,20 abr 2026,10:59:34,11:02:25,0:02:51,CBT3914720572,
17290895,DEMANDA,SCP,ext_mibrizue,mismo dia,20 abr 2026,11:02:24,11:04:29,0:02:05,MLB4618951737,
17291156,DEMANDA,SDC,ext_mibrizue,mismo dia,20 abr 2026,11:04:29,11:05:23,0:00:54,MLBS405890233,
17291272,DEMANDA,SDC,ext_mibrizue,mismo dia,20 abr 2026,11:05:23,11:07:33,0:02:10,MLAS406089008,
17291269,DEMANDA,SCP,ext_mibrizue,mismo dia,20 abr 2026,11:07:33,11:14:21,0:06:48,MLB6642971306,
17285781,DEMANDA,SDC,ext_mibrizue,mismo dia,20 abr 2026,11:14:21,11:18:14,0:03:53,MLBS405912430,
17291830,DEMANDA,SDC,ext_mibrizue,mismo dia,20 abr 2026,11:18:14,11:18:43,0:00:29,MLMS405936573,
17291647,DEMANDA,SCP,ext_mibrizue,mismo dia,20 abr 2026,11:18:43,11:29:55,0:11:12,CBT3908259708,
17291983,DEMANDA,SCP,ext_mibrizue,mismo dia,20 abr 2026,11:29:54,11:30:53,0:00:59,CBT3909494764,
17292003,DEMANDA,SCP,ext_mibrizue,mismo dia,20 abr 2026,11:30:53,11:31:51,0:00:58,MLM2865863971,
17292037,DEMANDA,SCP,ext_mibrizue,mismo dia,20 abr 2026,11:31:51,11:40:53,0:09:02,MLM2876492059,
17297727,DEMANDA,SDC,ext_mibrizue,mismo dia,20 abr 2026,11:40:52,11:58:45,0:17:53,MLMS405947041,
17299491,DEMANDA,SCP,ext_mibrizue,mismo dia,20 abr 2026,11:58:45,12:05:56,0:07:11,MLM5214757476,
17300933,DEMANDA,SDC,ext_mibrizue,mismo dia,20 abr 2026,12:05:56,12:07:02,0:01:06,MLBS405955955,
17300382,DEMANDA,SCP,ext_mibrizue,mismo dia,20 abr 2026,12:07:02,12:08:00,0:00:58,MLB6645375290,
17300682,DEMANDA,SCP,ext_mibrizue,mismo dia,20 abr 2026,12:08:00,12:10:58,0:02:58,MLB4615918257,
17301991,DEMANDA,SDC,ext_mibrizue,mismo dia,20 abr 2026,12:10:58,12:11:47,0:00:49,MLAS406147392,
17300805,DEMANDA,SCP,ext_mibrizue,mismo dia,20 abr 2026,12:11:46,12:15:30,0:03:44,MLM5200832868,
17300947,DEMANDA,SCP,ext_mibrizue,mismo dia,20 abr 2026,12:15:30,12:16:59,0:01:29,MLB4620584253,
17301575,DEMANDA,SCP,ext_mibrizue,mismo dia,20 abr 2026,12:19:02,12:24:44,0:05:42,MLB4620673879,
17302137,DEMANDA,SCP,ext_mibrizue,mismo dia,20 abr 2026,12:24:44,12:25:41,0:00:57,MLA1753303949,
17302142,DEMANDA,SCP,ext_mibrizue,mismo dia,20 abr 2026,12:25:41,12:27:28,0:01:47,MLB6645602912,
17302405,DEMANDA,SDC,ext_mibrizue,mismo dia,20 abr 2026,13:58:53,14:00:57,0:02:04,MLBS406162548,
17302821,DEMANDA,SDC,ext_mibrizue,mismo dia,20 abr 2026,14:00:57,14:03:42,0:02:45,MLBS406167018,
17303037,DEMANDA,SDC,ext_mibrizue,mismo dia,20 abr 2026,14:03:42,14:05:10,0:01:28,MLBS405999565,
17303021,DEMANDA,SCP,ext_mibrizue,mismo dia,20 abr 2026,14:06:07,14:06:34,0:00:27,MLM2867529749,
17303136,DEMANDA,SDC,ext_mibrizue,mismo dia,20 abr 2026,14:06:34,14:07:13,0:00:39,MLAS406013845,
17303125,DEMANDA,PHARMA,ext_mibrizue,mismo dia,20 abr 2026,14:07:13,14:08:37,0:01:24,MLMS406013819,
17277800,ENHANCEMENT,MAO,ext_mibrizue,mismo dia,20 abr 2026,14:08:37,14:26:36,0:17:59,null,
17303563,DEMANDA,SDC,ext_mibrizue,mismo dia,20 abr 2026,14:26:36,14:26:59,0:00:23,MLBS406199190,
17303573,DEMANDA,SDC,ext_mibrizue,mismo dia,20 abr 2026,14:26:59,14:32:59,0:06:00,MLAS406203266,
17303635,DEMANDA,ENHANCED CONTENT,ext_mibrizue,mismo dia,20 abr 2026,14:33:00,14:33:49,0:00:49,https://catalog-domains.adminml.com/catalogo/marcas/plantillas/revisor/b938eb85-a7bb-4ef0-9244-7bff37a30099,
17278152,ENHANCEMENT,MAO,ext_mibrizue,mismo dia,20 abr 2026,14:33:50,14:35:16,0:01:26,null,
17278091,ENHANCEMENT,MAO,ext_mibrizue,mismo dia,20 abr 2026,14:35:17,14:36:15,0:00:58,null,
17303653,DEMANDA,SDC,ext_mibrizue,mismo dia,20 abr 2026,14:36:57,14:38:17,0:01:20,MLAS406213470,
17303687,DEMANDA,SDC,ext_mibrizue,mismo dia,20 abr 2026,14:41:09,14:42:27,0:01:18,MLBS406024137,
17278458,ENHANCEMENT,MAO,ext_mibrizue,mismo dia,20 abr 2026,15:20:05,15:20:54,0:00:49,null,
17309904,DEMANDA,SCP,ext_mibrizue,mismo dia,20 abr 2026,15:51:27,15:51:53,0:00:26,MLB6646192332,
17311578,DEMANDA,SCP,ext_mibrizue,mismo dia,20 abr 2026,15:55:53,15:56:23,0:00:30,MLA1756950363,
17311596,DEMANDA,SCP,ext_mibrizue,mismo dia,20 abr 2026,15:56:23,15:57:17,0:00:54,MLB6646701584,
17278769,ENHANCEMENT,MAO,ext_mibrizue,mismo dia,20 abr 2026,15:57:18,15:58:27,0:01:09,null,
17311630,DEMANDA,ENHANCED CONTENT,ext_mibrizue,mismo dia,20 abr 2026,15:58:28,15:58:49,0:00:21,https://catalog-domains.adminml.com/catalogo/marcas/plantillas/revisor/1b41b5f4-f4dc-438d-886b-878f4378e57f,
17278773,ENHANCEMENT,MAO,ext_mibrizue,mismo dia,20 abr 2026,15:58:56,16:00:33,0:01:37,null,
17311647,DEMANDA,PHARMA,ext_mibrizue,mismo dia,20 abr 2026,16:00:34,16:02:41,0:02:07,MLAS406043321,
17311681,DEMANDA,SCP,ext_mibrizue,mismo dia,20 abr 2026,16:05:00,16:05:36,0:00:36,MLA1757006739,
17311881,DEMANDA,SDC,ext_mibrizue,mismo dia,20 abr 2026,16:05:36,16:15:20,0:09:44,MLMS406043369,
17278638,ENHANCEMENT,MAO,ext_mibrizue,mismo dia,20 abr 2026,16:16:13,16:17:21,0:01:08,null,
17278633,ENHANCEMENT,MAO,ext_mibrizue,mismo dia,20 abr 2026,16:17:21,16:18:36,0:01:15,null,
17277885,ENHANCEMENT,MAO,ext_mibrizue,mismo dia,20 abr 2026,16:18:36,16:19:37,0:01:01,null,
17278659,ENHANCEMENT,MAO,ext_mibrizue,mismo dia,20 abr 2026,16:23:36,16:26:04,0:02:28,null,
17279185,ENHANCEMENT,MAO,ext_mibrizue,mismo dia,20 abr 2026,16:26:05,16:26:49,0:00:44,null,
17312058,DEMANDA,ENHANCED CONTENT,ext_mibrizue,mismo dia,20 abr 2026,16:26:50,16:27:32,0:00:42,https://catalog-domains.adminml.com/catalogo/marcas/plantillas/revisor/17852137-313f-4c02-b9d8-65423c96c2ec,
17279132,ENHANCEMENT,MAO,ext_mibrizue,mismo dia,20 abr 2026,16:28:38,16:29:35,0:00:57,null,
17279098,ENHANCEMENT,MAO,ext_mibrizue,mismo dia,20 abr 2026,16:29:36,16:30:55,0:01:19,null,
17279103,ENHANCEMENT,MAO,ext_mibrizue,mismo dia,20 abr 2026,16:30:55,16:32:18,0:01:23,null,
17279125,ENHANCEMENT,MAO,ext_mibrizue,mismo dia,20 abr 2026,16:32:19,17:32:55,1:00:36,null,
17312871,DEMANDA,SCP,ext_mibrizue,mismo dia,20 abr 2026,17:32:55,17:33:31,0:00:36,MLM2872657731,
17279749,ENHANCEMENT,MAO,ext_mibrizue,mismo dia,20 abr 2026,17:33:32,17:34:23,0:00:51,null,
17279530,ENHANCEMENT,MAO,ext_mibrizue,mismo dia,20 abr 2026,17:34:24,17:37:09,0:02:45,null,
17279518,ENHANCEMENT,MAO,ext_mibrizue,mismo dia,20 abr 2026,17:37:10,17:38:17,0:01:07,null,
17278574,ENHANCEMENT,MAO,ext_mibrizue,mismo dia,20 abr 2026,17:38:18,17:39:19,0:01:01,null,
17279504,ENHANCEMENT,MAO,ext_mibrizue,mismo dia,20 abr 2026,17:39:20,17:40:19,0:00:59,null,
17279766,ENHANCEMENT,MAO,ext_mibrizue,mismo dia,20 abr 2026,17:40:20,17:41:37,0:01:17,null,
17279774,ENHANCEMENT,MAO,ext_mibrizue,mismo dia,20 abr 2026,17:43:53,17:44:17,0:00:24,null,
17312966,DEMANDA,SDC,ext_mibrizue,mismo dia,20 abr 2026,17:46:49,17:47:49,0:01:00,MLAS406308864,
17279472,ENHANCEMENT,MAO,ext_mibrizue,mismo dia,20 abr 2026,17:48:05,17:49:42,0:01:37,null,
17279458,ENHANCEMENT,MAO,ext_mibrizue,mismo dia,20 abr 2026,17:49:42,17:50:11,0:00:29,null,
17279784,ENHANCEMENT,MAO,ext_mibrizue,mismo dia,20 abr 2026,17:50:11,17:53:37,0:03:26,null,
17279454,ENHANCEMENT,MAO,ext_mibrizue,mismo dia,20 abr 2026,17:53:38,17:54:08,0:00:30,null,
17279453,ENHANCEMENT,MAO,ext_mibrizue,mismo dia,20 abr 2026,17:54:08,17:54:52,0:00:44,null,
17279796,ENHANCEMENT,MAO,ext_mibrizue,mismo dia,20 abr 2026,17:54:52,17:55:46,0:00:54,null,
17279445,ENHANCEMENT,MAO,ext_mibrizue,mismo dia,20 abr 2026,17:55:47,17:56:40,0:00:53,null,
17279799,ENHANCEMENT,MAO,ext_mibrizue,mismo dia,20 abr 2026,17:56:40,18:03:51,0:07:11,null,
17314789,DEMANDA,SCP,ext_mibrizue,mismo dia,21 abr 2026,9:45:47,9:46:42,0:00:55,MLM2876752393,
17314819,DEMANDA,SCP,ext_mibrizue,mismo dia,21 abr 2026,9:46:42,9:47:22,0:00:40,CBT3653227158,
17315039,DEMANDA,SCP,ext_mibrizue,mismo dia,21 abr 2026,9:47:22,9:47:34,0:00:12,CBT3909494898,
17315081,DEMANDA,SCP,ext_mibrizue,mismo dia,21 abr 2026,9:47:34,9:47:41,0:00:07,MLM5160835694,
17315118,DEMANDA,SCP,ext_mibrizue,mismo dia,21 abr 2026,9:47:41,9:47:53,0:00:12,MLM2876499507,
17315185,DEMANDA,SCP,ext_mibrizue,mismo dia,21 abr 2026,9:47:53,9:48:04,0:00:11,MLM5214754500,
17315224,DEMANDA,SCP,ext_mibrizue,mismo dia,21 abr 2026,9:48:04,9:58:25,0:10:21,MLA1691914347,
17325699,DEMANDA,PHARMA,ext_mibrizue,mismo dia,21 abr 2026,10:39:10,10:41:11,0:02:01,MLM5221325840,
17325704,DEMANDA,PHARMA,ext_mibrizue,mismo dia,21 abr 2026,10:41:11,10:44:34,0:03:23,MCO1909380171,
17325702,DEMANDA,PHARMA,ext_mibrizue,mismo dia,21 abr 2026,10:44:34,10:46:32,0:01:58,MLM5220683688,
17325705,DEMANDA,PHARMA,ext_mibrizue,mismo dia,21 abr 2026,10:46:31,10:48:25,0:01:54,MLM5221325884,
17325764,DEMANDA,PHARMA,ext_mibrizue,mismo dia,21 abr 2026,10:48:25,10:53:36,0:05:11,MCO3877501598,
17325770,DEMANDA,PHARMA,ext_mibrizue,mismo dia,21 abr 2026,10:53:36,11:00:03,0:06:27,MLM5221326482,
17325789,DEMANDA,PHARMA,ext_mibrizue,mismo dia,21 abr 2026,11:00:03,11:02:51,0:02:48,MLM5220684432,
17325818,DEMANDA,PHARMA,ext_mibrizue,mismo dia,21 abr 2026,11:02:51,11:04:53,0:02:02,MCO3877502110,
17325876,DEMANDA,PHARMA,ext_mibrizue,mismo dia,21 abr 2026,11:04:53,11:07:15,0:02:22,MLM5221326648,
17279808,ENHANCEMENT,MAO,ext_mibrizue,mismo dia,21 abr 2026,11:07:15,11:07:50,0:00:35,null,
17279805,ENHANCEMENT,MAO,ext_mibrizue,mismo dia,21 abr 2026,11:07:50,11:08:43,0:00:53,null,
17279434,ENHANCEMENT,MAO,ext_mibrizue,mismo dia,21 abr 2026,11:08:50,11:09:22,0:00:32,null,
17279437,ENHANCEMENT,MAO,ext_mibrizue,mismo dia,21 abr 2026,11:08:44,11:10:31,0:01:47,null,
17326399,DEMANDA,SDC,ext_mibrizue,mismo dia,21 abr 2026,11:10:31,11:22:53,0:12:22,MLAS406373796,
17279430,ENHANCEMENT,MAO,ext_mibrizue,mismo dia,21 abr 2026,11:35:08,11:35:43,0:00:35,null,
17280040,ENHANCEMENT,MAO,ext_mibrizue,mismo dia,21 abr 2026,11:35:44,11:36:33,0:00:49,null,
17279928,ENHANCEMENT,MAO,ext_mibrizue,mismo dia,21 abr 2026,11:36:34,11:37:16,0:00:42,null,
17326528,DEMANDA,SDC,ext_mibrizue,mismo dia,21 abr 2026,11:37:16,11:38:09,0:00:53,MLBS406186303,
17280065,ENHANCEMENT,MAO,ext_mibrizue,mismo dia,21 abr 2026,11:38:10,11:38:38,0:00:28,null,
17279908,ENHANCEMENT,MAO,ext_mibrizue,mismo dia,21 abr 2026,11:38:38,11:40:00,0:01:22,null,
17279890,ENHANCEMENT,MAO,ext_mibrizue,mismo dia,21 abr 2026,11:40:02,11:40:46,0:00:44,null,
17304736,ENHANCEMENT,MAO,ext_mibrizue,mismo dia,21 abr 2026,12:09:06,12:10:29,0:01:23,null,
17304708,ENHANCEMENT,MAO,ext_mibrizue,mismo dia,21 abr 2026,12:10:30,12:12:10,0:01:40,null,
17304723,ENHANCEMENT,MAO,ext_mibrizue,mismo dia,21 abr 2026,12:12:11,12:16:20,0:04:09,null,
17304692,ENHANCEMENT,MAO,ext_mibrizue,mismo dia,21 abr 2026,12:16:20,12:24:32,0:08:12,null,
17304731,ENHANCEMENT,MAO,ext_mibrizue,mismo dia,21 abr 2026,12:24:33,12:29:55,0:05:22,null,
17304863,ENHANCEMENT,MAO,ext_mibrizue,mismo dia,21 abr 2026,12:42:54,12:48:47,0:05:53,null,
17304453,ENHANCEMENT,MAO,ext_mibrizue,mismo dia,21 abr 2026,12:48:47,12:50:08,0:01:21,null,
17304481,ENHANCEMENT,MAO,ext_mibrizue,mismo dia,21 abr 2026,12:50:09,12:57:16,0:07:07,null,
17304421,ENHANCEMENT,MAO,ext_mibrizue,mismo dia,21 abr 2026,12:57:17,12:58:04,0:00:47,null,
17304489,ENHANCEMENT,MAO,ext_mibrizue,mismo dia,21 abr 2026,12:58:05,14:41:51,1:43:46,null,
17328772,DEMANDA,SDC,ext_mibrizue,mismo dia,21 abr 2026,14:50:29,14:50:52,0:00:23,MLBS406193217,
17328775,DEMANDA,SDC,ext_mibrizue,mismo dia,21 abr 2026,14:50:52,14:52:21,0:01:29,MLAS406383116,
17328784,DEMANDA,SCP,ext_mibrizue,mismo dia,21 abr 2026,14:53:18,14:57:48,0:04:30,MLA1758669295,
17329285,DEMANDA,SDC,ext_mibrizue,mismo dia,21 abr 2026,15:06:57,15:07:26,0:00:29,MLAS406378616,
17305061,ENHANCEMENT,MAO,ext_mibrizue,mismo dia,21 abr 2026,15:07:27,15:22:05,0:14:38,null,
17304982,ENHANCEMENT,MAO,ext_mibrizue,mismo dia,21 abr 2026,15:22:05,15:22:46,0:00:41,null,
17305372,ENHANCEMENT,MAO,ext_mibrizue,mismo dia,21 abr 2026,15:23:40,15:24:20,0:00:40,null,
17304975,ENHANCEMENT,MAO,ext_mibrizue,mismo dia,21 abr 2026,15:24:21,15:25:55,0:01:34,null,
17304907,ENHANCEMENT,MAO,ext_mibrizue,mismo dia,21 abr 2026,15:36:11,15:40:55,0:04:44,null,
17329475,DEMANDA,SCP,ext_mibrizue,mismo dia,21 abr 2026,15:43:30,15:45:21,0:01:51,MLC3896725326,
17329484,DEMANDA,SCP,ext_mibrizue,mismo dia,21 abr 2026,15:45:21,15:46:56,0:01:35,MLC3867350290,
17329496,DEMANDA,SDC,ext_mibrizue,mismo dia,21 abr 2026,15:46:56,15:47:45,0:00:49,MLAS406384240,
17329553,DEMANDA,SDC,ext_mibrizue,mismo dia,21 abr 2026,15:57:13,16:00:17,0:03:04,MLBS406195701,
17305635,ENHANCEMENT,MAO,ext_mibrizue,mismo dia,21 abr 2026,16:00:17,16:00:45,0:00:28,null,
17329575,DEMANDA,SDC,ext_mibrizue,mismo dia,21 abr 2026,16:00:45,16:02:14,0:01:29,MLBS406196637,
17305570,ENHANCEMENT,MAO,ext_mibrizue,mismo dia,21 abr 2026,16:15:27,16:24:14,0:08:47,null,
17305515,ENHANCEMENT,MAO,ext_mibrizue,mismo dia,21 abr 2026,16:24:14,16:55:30,0:31:16,null,
17330283,DEMANDA,SDC,ext_mibrizue,mismo dia,21 abr 2026,16:57:03,16:59:13,0:02:10,MLCS406385192,
17330295,DEMANDA,SDC,ext_mibrizue,mismo dia,21 abr 2026,17:00:20,17:01:33,0:01:13,MLBS406198047,
17306317,ENHANCEMENT,MAO,ext_mibrizue,mismo dia,21 abr 2026,17:23:36,17:26:37,0:03:01,null,
17330510,DEMANDA,SDC,ext_mibrizue,mismo dia,21 abr 2026,17:26:37,17:28:46,0:02:09,MLMS406195025,
17305817,ENHANCEMENT,MAO,ext_mibrizue,mismo dia,21 abr 2026,17:28:46,17:30:00,0:01:14,null,
17306337,ENHANCEMENT,MAO,ext_mibrizue,mismo dia,21 abr 2026,17:30:01,17:39:03,0:09:02,null,
17306042,ENHANCEMENT,MAO,ext_mibrizue,mismo dia,21 abr 2026,17:39:04,17:42:01,0:02:57,null,
17306365,ENHANCEMENT,MAO,ext_mibrizue,mismo dia,21 abr 2026,17:42:01,17:43:39,0:01:38,null,
17306363,ENHANCEMENT,MAO,ext_mibrizue,mismo dia,21 abr 2026,17:44:48,17:45:27,0:00:39,null,
17330606,DEMANDA,SDC,ext_mibrizue,mismo dia,21 abr 2026,17:50:23,17:50:35,0:00:12,MLUS406388794,
17306382,ENHANCEMENT,MAO,ext_mibrizue,mismo dia,21 abr 2026,17:57:50,17:58:16,0:00:26,null,
17330638,DEMANDA,SDC,ext_mibrizue,mismo dia,21 abr 2026,18:15:43,18:16:52,0:01:09,MLMS406385528,
17330668,DEMANDA,SDC,ext_mibrizue,mismo dia,21 abr 2026,18:16:52,18:17:23,0:00:31,MLMS406386512,
17330641,DEMANDA,SDC,ext_mibrizue,mismo dia,21 abr 2026,18:17:39,18:17:59,0:00:20,MLBS406200043,
17330660,DEMANDA,SDC,ext_mibrizue,mismo dia,21 abr 2026,18:17:59,18:18:13,0:00:14,MLMS406389364,
17330758,DEMANDA,SDC,ext_mibrizue,mismo dia,21 abr 2026,18:18:13,18:18:37,0:00:24,MLMS406200703,
17331351,DEMANDA,SDC,ext_mibrizue,mismo dia,22 abr 2026,9:25:48,9:39:23,0:13:35,MECS406397272,
17331565,DEMANDA,SCP,ext_mibrizue,mismo dia,22 abr 2026,9:39:23,9:41:49,0:02:26,MLM2880879865,
17331617,DEMANDA,SCP,ext_mibrizue,mismo dia,22 abr 2026,9:41:49,9:45:25,0:03:36,MLB4624142333,
17331809,DEMANDA,SCP,ext_mibrizue,mismo dia,22 abr 2026,9:45:25,9:50:08,0:04:43,MLB6651852398,
17332319,DEMANDA,SCP,ext_mibrizue,mismo dia,22 abr 2026,9:59:44,10:00:00,0:00:16,MLB6652324942,
17332638,DEMANDA,SDC,ext_mibrizue,mismo dia,22 abr 2026,10:00:00,10:00:13,0:00:13,MLBS406223453,
17332326,DEMANDA,SCP,ext_mibrizue,mismo dia,22 abr 2026,10:00:14,10:42:24,0:42:10,MLM5224447924,
17337028,DEMANDA,SDC,ext_mibrizue,mismo dia,22 abr 2026,10:42:24,10:45:45,0:03:21,MLBS406242985,
17336643,DEMANDA,SCP,ext_mibrizue,mismo dia,22 abr 2026,10:45:45,10:47:43,0:01:58,MLM5226046738,
17337276,DEMANDA,SDC,ext_mibrizue,mismo dia,22 abr 2026,10:51:22,10:53:41,0:02:19,MLBS406432916,
17336882,DEMANDA,SCP,ext_mibrizue,mismo dia,22 abr 2026,10:53:41,10:55:23,0:01:42,CBT3934896796,
17337401,DEMANDA,SDC,ext_mibrizue,mismo dia,22 abr 2026,10:55:23,10:57:52,0:02:29,MLBS406244055,
17337880,DEMANDA,ENHANCED CONTENT,ext_mibrizue,mismo dia,22 abr 2026,10:58:21,10:58:32,0:00:11,https://catalog-domains.adminml.com/catalogo/marcas/plantillas/revisor/4408392f-cea6-4826-a817-078e52b89d38,
17337786,DEMANDA,SDC,ext_mibrizue,mismo dia,22 abr 2026,11:03:42,11:25:30,0:21:48,MLBS406434500,
17338384,DEMANDA,PHARMA,ext_mibrizue,mismo dia,22 abr 2026,11:37:03,11:37:21,0:00:18,MLAS406247291,
17338369,DEMANDA,SDC,ext_mibrizue,mismo dia,22 abr 2026,11:37:21,11:37:51,0:00:30,MLBS406435864,
17338378,DEMANDA,SDC,ext_mibrizue,mismo dia,22 abr 2026,11:37:51,11:38:52,0:01:01,MLBS406247263,
17338412,DEMANDA,SDC,ext_mibrizue,mismo dia,22 abr 2026,11:41:00,11:41:24,0:00:24,MLBS406436446,
17305986,ENHANCEMENT,MAO,ext_mibrizue,mismo dia,22 abr 2026,11:42:51,11:45:37,0:02:46,null,
17305921,ENHANCEMENT,MAO,ext_mibrizue,mismo dia,22 abr 2026,11:45:38,11:46:55,0:01:17,null,
17306390,ENHANCEMENT,MAO,ext_mibrizue,mismo dia,22 abr 2026,11:49:32,11:50:33,0:01:01,null,
17338468,DEMANDA,SDC,ext_mibrizue,mismo dia,22 abr 2026,11:50:33,11:51:02,0:00:29,MLAS406247187,
17338471,DEMANDA,SCP,ext_mibrizue,mismo dia,22 abr 2026,11:51:02,11:53:17,0:02:15,MLB6654439622,
17306739,ENHANCEMENT,MAO,ext_mibrizue,mismo dia,22 abr 2026,11:53:18,11:53:57,0:00:39,null,
17338484,DEMANDA,SCP,ext_mibrizue,mismo dia,22 abr 2026,11:53:58,11:57:55,0:03:57,MLB6654416140,
17338512,DEMANDA,SCP,ext_mibrizue,mismo dia,22 abr 2026,11:57:55,12:09:05,0:11:10,MLA3215384584,
17306668,ENHANCEMENT,MAO,ext_mibrizue,mismo dia,22 abr 2026,12:13:47,12:15:53,0:02:06,null,
17338795,DEMANDA,SCP,ext_mibrizue,mismo dia,22 abr 2026,12:15:53,12:17:20,0:01:27,MLA1758616155,
17338811,DEMANDA,SDC,ext_mibrizue,mismo dia,22 abr 2026,12:17:20,12:19:23,0:02:03,MLBS406254379,
17306633,ENHANCEMENT,MAO,ext_mibrizue,mismo dia,22 abr 2026,12:19:24,12:20:02,0:00:38,null,
17338446,DEMANDA,SDC,ext_mibrizue,mismo dia,22 abr 2026,11:46:55,14:22:03,2:35:08,MLAS406246717,
17305939,ENHANCEMENT,MAO,ext_mibrizue,mismo dia,22 abr 2026,14:22:04,14:28:34,0:06:30,null,
17306623,ENHANCEMENT,MAO,ext_mibrizue,mismo dia,22 abr 2026,14:33:31,14:34:24,0:00:53,null,
17306422,ENHANCEMENT,MAO,ext_mibrizue,mismo dia,22 abr 2026,14:34:25,14:36:35,0:02:10,null,
17340295,DEMANDA,SDC,ext_mibrizue,mismo dia,22 abr 2026,14:36:36,14:37:26,0:00:50,MLBS406467858,
17340320,DEMANDA,PHARMA,ext_mibrizue,mismo dia,22 abr 2026,14:37:26,14:41:46,0:04:20,MLM2883076461,
17306727,ENHANCEMENT,MAO,ext_mibrizue,mismo dia,22 abr 2026,14:41:47,14:43:33,0:01:46,null,
17307242,ENHANCEMENT,MAO,ext_mibrizue,mismo dia,22 abr 2026,14:45:37,14:49:15,0:03:38,null,
17306817,ENHANCEMENT,MAO,ext_mibrizue,mismo dia,22 abr 2026,14:52:32,14:54:11,0:01:39,null,
17306882,ENHANCEMENT,MAO,ext_mibrizue,mismo dia,22 abr 2026,14:54:12,14:59:40,0:05:28,null,
17340497,DEMANDA,SCP,ext_mibrizue,mismo dia,22 abr 2026,14:59:40,15:02:01,0:02:21,MLB4625603011,
17307246,ENHANCEMENT,MAO,ext_mibrizue,mismo dia,22 abr 2026,15:02:02,15:03:45,0:01:43,null,
17307245,ENHANCEMENT,MAO,ext_mibrizue,mismo dia,22 abr 2026,15:03:46,15:06:28,0:02:42,null,
17307114,ENHANCEMENT,MAO,ext_mibrizue,mismo dia,22 abr 2026,15:29:34,15:31:04,0:01:30,null,
17340930,DEMANDA,PHARMA,ext_mibrizue,mismo dia,22 abr 2026,15:31:04,15:34:00,0:02:56,MLM5227912050,
17307104,ENHANCEMENT,MAO,ext_mibrizue,mismo dia,22 abr 2026,15:34:01,15:39:19,0:05:18,null,
17307060,ENHANCEMENT,MAO,ext_mibrizue,mismo dia,22 abr 2026,15:39:19,15:40:42,0:01:23,null,
17340982,DEMANDA,SDC,ext_mibrizue,mismo dia,22 abr 2026,15:40:42,15:45:42,0:05:00,MLBS406473078,
17307025,ENHANCEMENT,MAO,ext_mibrizue,mismo dia,22 abr 2026,15:45:43,15:52:24,0:06:41,null,
17307015,ENHANCEMENT,MAO,ext_mibrizue,mismo dia,22 abr 2026,15:52:25,15:55:21,0:02:56,null,
17341444,DEMANDA,SCP,ext_mibrizue,mismo dia,22 abr 2026,16:10:16,16:13:10,0:02:54,MLB6655403782,
17341567,DEMANDA,SDC,ext_mibrizue,mismo dia,22 abr 2026,16:26:57,16:27:08,0:00:11,MLBS406287123,
17341574,DEMANDA,SDC,ext_mibrizue,mismo dia,22 abr 2026,16:27:08,16:27:57,0:00:49,MLBS406476454,
17306909,ENHANCEMENT,MAO,ext_mibrizue,mismo dia,22 abr 2026,16:27:58,16:39:46,0:11:48,null,
17307690,ENHANCEMENT,MAO,ext_mibrizue,mismo dia,22 abr 2026,16:39:47,16:51:00,0:11:13,null,
17341827,DEMANDA,SDC,ext_mibrizue,mismo dia,22 abr 2026,16:51:00,16:51:34,0:00:34,MLMS406288985,
17341826,DEMANDA,SDC,ext_mibrizue,mismo dia,22 abr 2026,16:51:34,16:52:13,0:00:39,MLBS406478854,
17307622,ENHANCEMENT,MAO,ext_mibrizue,mismo dia,22 abr 2026,17:05:42,17:06:01,0:00:19,null,
17342333,DEMANDA,SCP,ext_mibrizue,mismo dia,22 abr 2026,17:27:43,17:31:56,0:04:13,MLM2883409115,
17307861,ENHANCEMENT,MAO,ext_mibrizue,mismo dia,22 abr 2026,17:31:57,17:34:42,0:02:45,null,
17307488,ENHANCEMENT,MAO,ext_mibrizue,mismo dia,22 abr 2026,17:34:43,17:37:29,0:02:46,null,
17342385,DEMANDA,SDC,ext_mibrizue,mismo dia,22 abr 2026,17:37:29,17:39:21,0:01:52,MLBS406479994,
17307536,ENHANCEMENT,MAO,ext_mibrizue,mismo dia,22 abr 2026,17:39:22,17:40:53,0:01:31,null,
17342442,DEMANDA,SDC,ext_mibrizue,mismo dia,22 abr 2026,17:40:53,17:41:41,0:00:48,MLBS406290803,
17342461,DEMANDA,SCP,ext_mibrizue,mismo dia,22 abr 2026,17:42:52,17:43:59,0:01:07,MLA1760378179,
17307448,ENHANCEMENT,MAO,ext_mibrizue,mismo dia,22 abr 2026,17:44:07,17:44:43,0:00:36,null,
17307403,ENHANCEMENT,MAO,ext_mibrizue,mismo dia,22 abr 2026,17:44:43,17:47:19,0:02:36,null,
17307451,ENHANCEMENT,MAO,ext_mibrizue,mismo dia,22 abr 2026,17:47:22,17:48:37,0:01:15,null,
17307441,ENHANCEMENT,MAO,ext_mibrizue,mismo dia,22 abr 2026,17:49:08,17:52:41,0:03:33,null,
17342452,DEMANDA,SDC,ext_mibrizue,mismo dia,22 abr 2026,17:52:41,17:55:56,0:03:15,MLBS406292825,
17342576,DEMANDA,SDC,ext_mibrizue,mismo dia,22 abr 2026,17:58:11,17:59:05,0:00:54,MLBS406482212,
17342563,DEMANDA,SDC,ext_mibrizue,mismo dia,22 abr 2026,17:59:05,17:59:51,0:00:46,MLBS406293795,
17342579,DEMANDA,SDC,ext_mibrizue,mismo dia,22 abr 2026,17:59:51,18:00:07,0:00:16,MLAS406483606,
17342495,DEMANDA,SDC,ext_mibrizue,mismo dia,22 abr 2026,18:00:07,18:00:27,0:00:20,MLBS406482634,
17342599,DEMANDA,SDC,ext_mibrizue,mismo dia,22 abr 2026,18:01:08,18:01:28,0:00:20,MLBS406482592,
17342601,DEMANDA,SDC,ext_mibrizue,mismo dia,22 abr 2026,18:01:42,18:02:15,0:00:33,MLAS406292141,
17342594,DEMANDA,SDC,ext_mibrizue,mismo dia,22 abr 2026,18:02:15,18:04:01,0:01:46,MLBS406293027,
17343812,DEMANDA,SDC,ext_mibrizue,mismo dia,23 abr 2026,9:57:04,9:57:19,0:00:15,MLBS406305821,
17343837,DEMANDA,SDC,ext_mibrizue,mismo dia,23 abr 2026,9:57:19,9:58:03,0:00:44,MLBS406305823,
17343854,DEMANDA,SDC,ext_mibrizue,mismo dia,23 abr 2026,9:58:03,10:00:41,0:02:38,MLBS406306115,
17343910,DEMANDA,SDC,ext_mibrizue,mismo dia,23 abr 2026,10:00:41,10:01:26,0:00:45,MLCS406307283,
17343942,DEMANDA,SDC,ext_mibrizue,mismo dia,23 abr 2026,10:01:26,10:05:24,0:03:58,MLBS406496876,
17344158,DEMANDA,SDC,ext_mibrizue,mismo dia,23 abr 2026,10:05:24,10:40:15,0:34:51,MLAS406309475,
17345601,DEMANDA,SCP,ext_mibrizue,mismo dia,23 abr 2026,10:40:15,10:48:45,0:08:30,MLM2800099283,
17349406,DEMANDA,SCP,ext_mibrizue,mismo dia,23 abr 2026,10:48:45,11:00:56,0:12:11,MLM5230883856,
17349778,DEMANDA,SCP,ext_mibrizue,mismo dia,23 abr 2026,11:01:35,11:04:23,0:02:48,CBT3939940920,
17351360,DEMANDA,SDC,ext_mibrizue,mismo dia,23 abr 2026,11:04:23,11:05:55,0:01:32,MLBS406352197,
17351638,DEMANDA,SDC,ext_mibrizue,mismo dia,23 abr 2026,11:05:55,11:06:20,0:00:25,MLBS406353171,
17351622,DEMANDA,SDC,ext_mibrizue,mismo dia,23 abr 2026,11:06:20,11:06:30,0:00:10,MLCS406542638,
17351268,DEMANDA,SCP,ext_mibrizue,mismo dia,23 abr 2026,11:06:30,11:07:20,0:00:50,MLB6647714506,
17307470,ENHANCEMENT,MAO,ext_mibrizue,mismo dia,23 abr 2026,11:32:13,11:34:23,0:02:10,null,
17307903,ENHANCEMENT,MAO,ext_mibrizue,mismo dia,23 abr 2026,11:34:23,11:41:46,0:07:23,null,
17308221,ENHANCEMENT,MAO,ext_mibrizue,mismo dia,23 abr 2026,11:41:46,11:46:00,0:04:14,null,
17308204,ENHANCEMENT,MAO,ext_mibrizue,mismo dia,23 abr 2026,11:46:01,11:47:11,0:01:10,null,
17352377,DEMANDA,SCP,ext_mibrizue,mismo dia,23 abr 2026,11:59:08,12:17:56,0:18:48,MLU1333229588,
17307958,ENHANCEMENT,MAO,ext_mibrizue,mismo dia,23 abr 2026,12:26:15,12:30:40,0:04:25,null,
17307923,ENHANCEMENT,MAO,ext_mibrizue,mismo dia,23 abr 2026,12:30:40,12:31:23,0:00:43,null,
17307937,ENHANCEMENT,MAO,ext_mibrizue,mismo dia,23 abr 2026,12:31:23,12:38:08,0:06:45,null,
17352727,DEMANDA,SDC,ext_mibrizue,mismo dia,23 abr 2026,12:40:47,12:41:01,0:00:14,MLMS406558614,
17352740,DEMANDA,SDC,ext_mibrizue,mismo dia,23 abr 2026,12:41:01,12:53:23,0:12:22,MLBS406370245,
17352852,DEMANDA,SCP,ext_mibrizue,mismo dia,23 abr 2026,12:53:23,12:54:08,0:00:45,MLM2885879631,
17352899,DEMANDA,SDC,ext_mibrizue,mismo dia,23 abr 2026,12:59:32,12:59:58,0:00:26,MLBS406375361,
17352906,DEMANDA,SDC,ext_mibrizue,mismo dia,23 abr 2026,12:59:58,13:00:11,0:00:13,MLBS406375375,
17352916,DEMANDA,SDC,ext_mibrizue,mismo dia,23 abr 2026,13:00:11,13:04:20,0:04:09,MLAS406379453,
17352929,DEMANDA,SCP,ext_mibrizue,mismo dia,23 abr 2026,13:04:20,13:05:20,0:01:00,MLB6462500242,
17353442,DEMANDA,SDC,ext_mibrizue,mismo dia,23 abr 2026,13:20:08,13:21:18,0:01:10,MLBS406352341,
17353424,DEMANDA,SDC,ext_mibrizue,mismo dia,23 abr 2026,13:21:37,13:22:23,0:00:46,MLBS406389741,
17353410,DEMANDA,SCP,ext_mibrizue,mismo dia,23 abr 2026,13:22:23,13:23:48,0:01:25,MLB4628662663,
17354133,DEMANDA,SDC,ext_mibrizue,mismo dia,23 abr 2026,14:30:16,14:30:40,0:00:24,MLCS406620246,
17308608,ENHANCEMENT,MAO,ext_mibrizue,mismo dia,23 abr 2026,14:34:33,14:41:28,0:06:55,null,
17353528,DEMANDA,SDC,ext_mibrizue,mismo dia,23 abr 2026,14:41:28,14:42:28,0:01:00,MLBS406589604,
17308561,ENHANCEMENT,MAO,ext_mibrizue,mismo dia,23 abr 2026,14:42:28,14:45:35,0:03:07,null,
17354281,DEMANDA,SCP,ext_mibrizue,mismo dia,23 abr 2026,14:49:27,14:55:39,0:06:12,MLB4628892389,
17308519,ENHANCEMENT,MAO,ext_mibrizue,mismo dia,23 abr 2026,14:55:40,15:06:38,0:10:58,null,
17354598,DEMANDA,SDC,ext_mibrizue,mismo dia,23 abr 2026,15:06:39,15:09:28,0:02:49,MLBS406437141,
17308453,ENHANCEMENT,MAO,ext_mibrizue,mismo dia,23 abr 2026,15:09:29,15:10:22,0:00:53,null,
17308618,ENHANCEMENT,MAO,ext_mibrizue,mismo dia,23 abr 2026,15:12:56,15:14:42,0:01:46,null,
17354673,DEMANDA,SCP,ext_mibrizue,mismo dia,23 abr 2026,15:14:42,15:16:52,0:02:10,MLA1761887405,
17354682,DEMANDA,SDC,ext_mibrizue,mismo dia,23 abr 2026,15:16:52,15:17:55,0:01:03,MLBS406627496,
17308455,ENHANCEMENT,MAO,ext_mibrizue,mismo dia,23 abr 2026,15:23:09,15:24:49,0:01:40,null,
17354764,DEMANDA,SDC,ext_mibrizue,mismo dia,23 abr 2026,15:27:01,15:27:43,0:00:42,MLMS406627386,
17354780,DEMANDA,SDC,ext_mibrizue,mismo dia,23 abr 2026,15:27:43,15:29:42,0:01:59,MLMS406629540,
17309187,ENHANCEMENT,MAO,ext_mibrizue,mismo dia,23 abr 2026,15:29:43,15:30:31,0:00:48,null,
17354821,DEMANDA,SDC,ext_mibrizue,mismo dia,23 abr 2026,15:30:31,15:34:39,0:04:08,MLMS406630406,
17309179,ENHANCEMENT,MAO,ext_mibrizue,mismo dia,23 abr 2026,15:34:40,15:37:15,0:02:35,null,
17354863,DEMANDA,SDC,ext_mibrizue,mismo dia,23 abr 2026,15:37:15,15:37:54,0:00:39,MCOS406630410,
17354860,DEMANDA,SDC,ext_mibrizue,mismo dia,23 abr 2026,15:37:54,15:38:16,0:00:22,MLMS406630494,
17309130,ENHANCEMENT,MAO,ext_mibrizue,mismo dia,23 abr 2026,15:41:35,15:43:02,0:01:27,null,
17354903,DEMANDA,SCP,ext_mibrizue,mismo dia,23 abr 2026,15:43:59,15:44:43,0:00:44,MLB4629013761,
17309115,ENHANCEMENT,MAO,ext_mibrizue,mismo dia,23 abr 2026,15:44:43,15:47:03,0:02:20,null,
17354918,DEMANDA,SDC,ext_mibrizue,mismo dia,23 abr 2026,15:47:03,15:48:53,0:01:50,MLMS406440225,
17354966,DEMANDA,SDC,ext_mibrizue,mismo dia,23 abr 2026,15:50:28,15:53:03,0:02:35,MLAS406441617,
17309322,ENHANCEMENT,MAO,ext_mibrizue,mismo dia,23 abr 2026,15:53:03,15:56:18,0:03:15,null,
17309055,ENHANCEMENT,MAO,ext_mibrizue,mismo dia,23 abr 2026,15:56:19,15:59:24,0:03:05,null,
17355017,DEMANDA,SDC,ext_mibrizue,mismo dia,23 abr 2026,15:59:25,16:01:25,0:02:00,MLAS406443307,
17355363,DEMANDA,SDC,ext_mibrizue,mismo dia,23 abr 2026,16:17:09,16:17:31,0:00:22,MLMS406443043,
17355367,DEMANDA,SDC,ext_mibrizue,mismo dia,23 abr 2026,16:17:32,16:21:32,0:04:00,MLBS406634934,
17309734,ENHANCEMENT,MAO,ext_mibrizue,mismo dia,23 abr 2026,16:21:32,16:23:11,0:01:39,null,
17355400,DEMANDA,SDC,ext_mibrizue,mismo dia,23 abr 2026,16:28:29,16:32:46,0:04:17,MLMS406633886,
17309691,ENHANCEMENT,MAO,ext_mibrizue,mismo dia,23 abr 2026,16:32:47,16:57:47,0:25:00,null,
17355712,DEMANDA,SDC,ext_mibrizue,mismo dia,23 abr 2026,16:57:47,16:59:44,0:01:57,MLMS406642490,
17309625,ENHANCEMENT,MAO,ext_mibrizue,mismo dia,23 abr 2026,16:59:44,17:00:31,0:00:47,null,
17355742,DEMANDA,SDC,ext_mibrizue,mismo dia,23 abr 2026,17:00:31,17:02:12,0:01:41,MLBS406452103,
17309597,ENHANCEMENT,MAO,ext_mibrizue,mismo dia,23 abr 2026,17:41:51,17:42:02,0:00:11,null,
17356283,DEMANDA,SDC,ext_mibrizue,mismo dia,23 abr 2026,17:47:30,17:47:43,0:00:13,MLAS406457129,
17356286,DEMANDA,SDC,ext_mibrizue,mismo dia,23 abr 2026,17:47:43,17:48:34,0:00:51,MLBS406645822,
17356295,DEMANDA,SDC,ext_mibrizue,mismo dia,23 abr 2026,17:48:34,17:52:15,0:03:41,MLBS406647562,
17356128,DEMANDA,SDC,ext_mibrizue,mismo dia,23 abr 2026,17:52:15,17:53:29,0:01:14,MCOS406453819,
17356376,DEMANDA,SDC,ext_mibrizue,mismo dia,23 abr 2026,17:57:28,17:58:04,0:00:36,MLBS406647280,
17356318,DEMANDA,SDC,ext_mibrizue,mismo dia,23 abr 2026,17:58:04,17:59:04,0:01:00,MLMS406458919,
17362096,DEMANDA,SDC,ext_mibrizue,mismo dia,23 abr 2026,18:00:13,18:01:04,0:00:51,MLBS406457239,
17356345,DEMANDA,SCP,ext_mibrizue,mismo dia,23 abr 2026,18:01:47,18:06:36,0:04:49,MCO1912899749,
17362114,DEMANDA,SDC,ext_mibrizue,mismo dia,23 abr 2026,18:06:58,18:07:12,0:00:14,MLBS406458431,
17362354,DEMANDA,SDC,ext_mibrizue,mismo dia,23 abr 2026,18:07:59,18:08:45,0:00:46,MLAS406646732,
17362356,DEMANDA,SDC,ext_mibrizue,mismo dia,23 abr 2026,18:08:45,18:10:27,0:01:42,MLBS406457425,
17362366,DEMANDA,SDC,ext_mibrizue,mismo dia,24 abr 2026,9:22:45,9:30:20,0:07:35,MLBS406461441,
17362545,DEMANDA,SDC,ext_mibrizue,mismo dia,24 abr 2026,9:30:20,9:31:12,0:00:52,MLBS406653258,
17362859,DEMANDA,SDC,ext_mibrizue,mismo dia,24 abr 2026,9:31:12,9:32:31,0:01:19,MLBS406467229,
17362956,DEMANDA,SDC,ext_mibrizue,mismo dia,24 abr 2026,9:32:31,9:33:40,0:01:09,MLBS406467641,
17362972,DEMANDA,SDC,ext_mibrizue,mismo dia,24 abr 2026,9:33:40,9:34:54,0:01:14,MLCS406657296,
17362463,DEMANDA,SCP,ext_mibrizue,mismo dia,24 abr 2026,9:34:54,9:41:45,0:06:51,MLB6661041384,
17363263,DEMANDA,SDC,ext_mibrizue,mismo dia,24 abr 2026,9:41:46,9:43:20,0:01:34,MLAS406661074,
17363340,DEMANDA,SDC,ext_mibrizue,mismo dia,24 abr 2026,9:43:20,9:59:12,0:15:52,MLBS406473109,
17370215,DEMANDA,ENHANCED CONTENT,ext_mibrizue,mismo dia,24 abr 2026,9:59:13,9:59:36,0:00:23,https://catalog-domains.adminml.com/catalogo/marcas/plantillas/revisor/21b0a917-4b12-44f0-bd3d-61ab9d16f148,
17364251,DEMANDA,SDC,ext_mibrizue,mismo dia,24 abr 2026,9:59:36,10:02:20,0:02:44,MLMS406676508,
17364302,DEMANDA,SDC,ext_mibrizue,mismo dia,24 abr 2026,10:02:20,10:38:52,0:36:32,MLBS406676850,
17370121,DEMANDA,SDC,ext_mibrizue,mismo dia,24 abr 2026,10:41:47,10:42:19,0:00:32,MLBS406731296,
17370552,DEMANDA,PHARMA,ext_mibrizue,mismo dia,24 abr 2026,10:44:30,10:44:46,0:00:16,MLM5239553118,
17370674,DEMANDA,PHARMA,ext_mibrizue,mismo dia,24 abr 2026,10:54:05,11:00:36,0:06:31,MCO1913939887,
17370453,DEMANDA,SDC,ext_mibrizue,mismo dia,24 abr 2026,11:00:36,11:01:01,0:00:25,MLBS406738744,
17370459,DEMANDA,SDC,ext_mibrizue,mismo dia,24 abr 2026,11:01:01,11:01:21,0:00:20,MLBS406738772,
17309694,ENHANCEMENT,MAO,ext_mibrizue,mismo dia,24 abr 2026,11:15:05,11:33:21,0:18:16,null,
17310149,ENHANCEMENT,MAO,ext_mibrizue,mismo dia,24 abr 2026,11:34:46,11:36:54,0:02:08,null,
17371199,DEMANDA,SDC,ext_mibrizue,mismo dia,24 abr 2026,11:36:54,11:38:17,0:01:23,MLBS406747306,
17371225,DEMANDA,PHARMA,ext_mibrizue,mismo dia,24 abr 2026,11:38:17,11:40:01,0:01:44,MCO3889098536,
17310113,ENHANCEMENT,MAO,ext_mibrizue,mismo dia,24 abr 2026,11:40:01,11:51:30,0:11:29,null,
17371315,DEMANDA,SDC,ext_mibrizue,mismo dia,24 abr 2026,11:51:31,11:54:47,0:03:16,MLMS406559543,
17371336,DEMANDA,ENHANCED CONTENT,ext_mibrizue,mismo dia,24 abr 2026,11:54:48,11:55:05,0:00:17,https://catalog-domains.adminml.com/catalogo/marcas/plantillas/revisor/bfd75044-bdad-42d7-b712-b651c874f40f,
17310047,ENHANCEMENT,MAO,ext_mibrizue,mismo dia,24 abr 2026,11:55:06,12:40:57,0:45:51,null,
17371831,DEMANDA,SDC,ext_mibrizue,mismo dia,24 abr 2026,12:40:57,12:41:34,0:00:37,MLBS406579823,
17310635,ENHANCEMENT,MAO,ext_mibrizue,mismo dia,24 abr 2026,12:41:35,12:42:32,0:00:57,null,
17310632,ENHANCEMENT,MAO,ext_mibrizue,mismo dia,24 abr 2026,12:42:32,12:43:10,0:00:38,null,
17310626,ENHANCEMENT,MAO,ext_mibrizue,mismo dia,24 abr 2026,12:43:11,12:43:35,0:00:24,null,
17309928,ENHANCEMENT,MAO,ext_mibrizue,mismo dia,24 abr 2026,12:44:23,12:45:35,0:01:12,null,
17371848,DEMANDA,SDC,ext_mibrizue,mismo dia,24 abr 2026,12:45:35,12:46:58,0:01:23,MLBS406566321,
17310767,ENHANCEMENT,MAO,ext_mibrizue,mismo dia,24 abr 2026,12:51:57,12:56:29,0:04:32,null,
17371930,DEMANDA,SDC,ext_mibrizue,mismo dia,24 abr 2026,12:56:29,12:57:47,0:01:18,MLAS406575595,
17310586,ENHANCEMENT,MAO,ext_mibrizue,mismo dia,24 abr 2026,12:58:50,12:59:53,0:01:03,null,
17310592,ENHANCEMENT,MAO,ext_mibrizue,mismo dia,24 abr 2026,12:59:53,13:00:15,0:00:22,null,
17310570,ENHANCEMENT,MAO,ext_mibrizue,mismo dia,24 abr 2026,13:00:16,13:01:19,0:01:03,null,
17371958,DEMANDA,SDC,ext_mibrizue,mismo dia,24 abr 2026,13:01:19,13:02:17,0:00:58,MLBS406574559,
17371966,DEMANDA,SDC,ext_mibrizue,mismo dia,24 abr 2026,13:02:17,13:02:40,0:00:23,MLBS406580497,
17371977,DEMANDA,ENHANCED CONTENT,ext_mibrizue,mismo dia,24 abr 2026,13:02:41,13:02:51,0:00:10,https://catalog-domains.adminml.com/catalogo/marcas/plantillas/revisor/d9cb24ae-b841-4e5b-94ca-03b0f9f89725,
17370594,DEMANDA,SDC,ext_mibrizue,mismo dia,24 abr 2026,13:02:52,13:04:20,0:01:28,MLBS406741510,
17371981,DEMANDA,ENHANCED CONTENT,ext_mibrizue,mismo dia,24 abr 2026,13:04:20,13:05:11,0:00:51,https://catalog-domains.adminml.com/catalogo/marcas/plantillas/revisor/fb337309-842e-4a36-aa89-4d950218aa2e,
17371994,DEMANDA,SDC,ext_mibrizue,mismo dia,24 abr 2026,13:05:11,13:06:09,0:00:58,MLBS406550503,
17371992,DEMANDA,SDC,ext_mibrizue,mismo dia,24 abr 2026,13:08:22,13:08:35,0:00:13,MLBS406583189,
17371990,DEMANDA,SDC,ext_mibrizue,mismo dia,24 abr 2026,13:08:35,13:08:48,0:00:13,MLBS406775208,
17371995,DEMANDA,SDC,ext_mibrizue,mismo dia,24 abr 2026,13:08:48,13:09:04,0:00:16,MLBS406586841,
17371962,DEMANDA,SDC,ext_mibrizue,mismo dia,24 abr 2026,13:09:04,13:10:11,0:01:07,MLBS406778802,
17371963,DEMANDA,SDC,ext_mibrizue,mismo dia,24 abr 2026,13:10:11,14:16:35,1:06:24,MLBS406592347,
17372801,DEMANDA,SCP,ext_mibrizue,mismo dia,24 abr 2026,14:16:35,14:41:53,0:25:18,MLM5240461724,
17372953,DEMANDA,SDC,ext_mibrizue,mismo dia,24 abr 2026,14:41:53,14:42:38,0:00:45,MLBS406675857,
17372954,DEMANDA,SDC,ext_mibrizue,mismo dia,24 abr 2026,14:42:38,14:44:50,0:02:12,MLMS406687133,
17372997,DEMANDA,SDC,ext_mibrizue,mismo dia,24 abr 2026,14:45:33,14:46:06,0:00:33,MLMS406688053,
17372992,DEMANDA,SDC,ext_mibrizue,mismo dia,24 abr 2026,14:46:06,14:48:20,0:02:14,MLMS406887126,
17373063,DEMANDA,SDC,ext_mibrizue,mismo dia,24 abr 2026,14:52:13,14:52:55,0:00:42,MLAS406697511,
17373106,DEMANDA,ENHANCED CONTENT,ext_mibrizue,mismo dia,24 abr 2026,14:55:57,14:56:05,0:00:08,https://catalog-domains.adminml.com/catalogo/marcas/plantillas/revisor/ae08b395-d372-4df0-a537-9ddaff23fc40,
17373104,DEMANDA,SCP,ext_mibrizue,mismo dia,24 abr 2026,14:56:05,15:03:16,0:07:11,MLB4631744839,
17373155,DEMANDA,SDC,ext_mibrizue,mismo dia,24 abr 2026,15:03:16,15:04:22,0:01:06,MLBS406897432,
17373447,DEMANDA,SDC,ext_mibrizue,mismo dia,24 abr 2026,15:16:04,15:16:16,0:00:12,MLBS406715035,
17373484,DEMANDA,SDC,ext_mibrizue,mismo dia,24 abr 2026,15:22:25,15:22:37,0:00:12,MLMS406710071,
17373505,DEMANDA,SDC,ext_mibrizue,mismo dia,24 abr 2026,15:22:37,15:23:04,0:00:27,MLBS406899160,
17373496,DEMANDA,SDC,ext_mibrizue,mismo dia,24 abr 2026,15:23:04,15:24:06,0:01:02,MLBS406901310,
17311299,ENHANCEMENT,MAO,ext_mibrizue,mismo dia,24 abr 2026,15:24:28,15:25:59,0:01:31,null,
17373525,DEMANDA,SDC,ext_mibrizue,mismo dia,24 abr 2026,15:25:59,15:28:15,0:02:16,MLBS406716685,
17373767,DEMANDA,SCP,ext_mibrizue,mismo dia,24 abr 2026,15:59:26,15:59:49,0:00:23,MLB4631864421,
17373770,DEMANDA,SCP,ext_mibrizue,mismo dia,24 abr 2026,15:59:57,16:00:10,0:00:13,MLB4631839711,
17374002,DEMANDA,SCP,ext_mibrizue,mismo dia,24 abr 2026,16:10:11,16:12:11,0:02:00,MLM5240946378,
17374025,DEMANDA,SDC,ext_mibrizue,mismo dia,24 abr 2026,16:12:11,16:12:33,0:00:22,MLBS406913282,
17374035,DEMANDA,SDC,ext_mibrizue,mismo dia,24 abr 2026,16:12:33,16:17:15,0:04:42,MLAS406726679,
17311491,ENHANCEMENT,MAO,ext_mibrizue,mismo dia,24 abr 2026,16:17:16,16:18:25,0:01:09,null,
17311406,ENHANCEMENT,MAO,ext_mibrizue,mismo dia,24 abr 2026,16:18:26,16:19:06,0:00:40,null,
17374087,DEMANDA,SCP,ext_mibrizue,mismo dia,24 abr 2026,16:19:06,16:54:01,0:34:55,MLC3897448048,
17356749,ENHANCEMENT,MAO,ext_mibrizue,mismo dia,24 abr 2026,17:36:39,17:37:34,0:00:55,null,
17356938,ENHANCEMENT,MAO,ext_mibrizue,mismo dia,24 abr 2026,17:38:13,17:39:02,0:00:49,null,
17356961,ENHANCEMENT,MAO,ext_mibrizue,mismo dia,24 abr 2026,17:39:03,17:43:29,0:04:26,null,
17374735,DEMANDA,SDC,ext_mibrizue,mismo dia,24 abr 2026,17:45:33,17:45:52,0:00:19,MLBS406927390,
17374736,DEMANDA,SDC,ext_mibrizue,mismo dia,24 abr 2026,17:45:52,17:46:13,0:00:21,MLBS406746115,
17357156,ENHANCEMENT,MAO,ext_mibrizue,mismo dia,24 abr 2026,17:46:14,17:47:16,0:01:02,null,
17357010,ENHANCEMENT,MAO,ext_mibrizue,mismo dia,24 abr 2026,17:47:17,17:49:44,0:02:27,null,
17357019,ENHANCEMENT,MAO,ext_mibrizue,mismo dia,24 abr 2026,17:49:44,17:52:26,0:02:42,null,
17374760,DEMANDA,SDC,ext_mibrizue,mismo dia,24 abr 2026,17:53:20,17:54:13,0:00:53,MLBS406746179,
17374782,DEMANDA,SDC,ext_mibrizue,mismo dia,24 abr 2026,17:54:12,17:55:58,0:01:46,MLBS406933668,
17374806,DEMANDA,SDC,ext_mibrizue,mismo dia,24 abr 2026,17:56:32,17:57:02,0:00:30,MLMS406743867,
17374813,DEMANDA,SDC,ext_mibrizue,mismo dia,24 abr 2026,17:57:01,17:57:59,0:00:58,MLAS406934692,
17357143,ENHANCEMENT,MAO,ext_mibrizue,mismo dia,24 abr 2026,17:59:32,18:00:19,0:00:47,null,
17374765,DEMANDA,SDC,ext_mibrizue,mismo dia,24 abr 2026,18:00:19,18:01:44,0:01:25,MLBS406743437,
17374827,DEMANDA,SCP,ext_mibrizue,mismo dia,24 abr 2026,18:01:44,18:06:04,0:04:20,MLB4632049445,
17373631,DEMANDA,SDC,ext_mibrizue,mismo dia,24 abr 2026,18:07:39,18:07:57,0:00:18,MLBS406906140,
17376062,DEMANDA,SDC,ext_mibrizue,mismo dia,27 abr 2026,9:25:44,9:36:45,0:11:01,MCOS406994554,
17376772,DEMANDA,SDC,ext_mibrizue,mismo dia,27 abr 2026,9:36:45,9:37:13,0:00:28,MCOS406823587,
17376757,DEMANDA,SDC,ext_mibrizue,mismo dia,27 abr 2026,9:37:13,9:39:12,0:01:59,MLMS407013704,
17376805,DEMANDA,SDC,ext_mibrizue,mismo dia,27 abr 2026,9:39:12,9:42:23,0:03:11,MLMS407016252,
17376838,DEMANDA,SDC,ext_mibrizue,mismo dia,27 abr 2026,9:42:23,9:43:04,0:00:41,MLAS407019750,
17376908,DEMANDA,SDC,ext_mibrizue,mismo dia,27 abr 2026,9:43:04,9:43:59,0:00:55,MLMS406837021,
17376926,DEMANDA,SDC,ext_mibrizue,mismo dia,27 abr 2026,9:43:59,9:44:53,0:00:54,MLMS407027396,
17376996,DEMANDA,SDC,ext_mibrizue,mismo dia,27 abr 2026,9:44:53,9:47:58,0:03:05,MLMS406839789,
17378624,DEMANDA,SDC,ext_mibrizue,mismo dia,27 abr 2026,10:00:16,10:00:47,0:00:31,MLMS407046588,
17377195,DEMANDA,SCP,ext_mibrizue,mismo dia,27 abr 2026,10:00:47,10:13:01,0:12:14,MLM2889984055,
17380186,DEMANDA,SCP,ext_mibrizue,mismo dia,27 abr 2026,10:13:01,10:17:55,0:04:54,MLB6670140918,
17381132,DEMANDA,SDC,ext_mibrizue,mismo dia,27 abr 2026,10:17:55,10:18:17,0:00:22,MLBS407093920,
17381111,DEMANDA,SDC,ext_mibrizue,mismo dia,27 abr 2026,10:18:17,10:25:18,0:07:01,MLMS407092384,
17382169,DEMANDA,SCP,ext_mibrizue,mismo dia,27 abr 2026,10:38:02,10:45:28,0:07:26,MLM5245571662,
17382790,DEMANDA,SDC,ext_mibrizue,mismo dia,27 abr 2026,10:46:39,10:49:14,0:02:35,MLBS407248280,
17382812,DEMANDA,SDC,ext_mibrizue,mismo dia,27 abr 2026,10:49:14,10:53:17,0:04:03,MLBS407069441,
17382894,DEMANDA,SDC,ext_mibrizue,mismo dia,27 abr 2026,10:53:17,10:55:05,0:01:48,MLBS407094765,
17382940,DEMANDA,SDC,ext_mibrizue,mismo dia,27 abr 2026,10:55:05,10:59:01,0:03:56,MLBS407104061,
17382965,DEMANDA,SCP,ext_mibrizue,mismo dia,27 abr 2026,10:59:01,11:00:05,0:01:04,MLB4634445339,
17382947,DEMANDA,SCP,ext_mibrizue,mismo dia,27 abr 2026,11:00:05,11:00:41,0:00:36,MLB4634445311,
17382984,DEMANDA,SCP,ext_mibrizue,mismo dia,27 abr 2026,11:00:41,11:02:47,0:02:06,MLB6332771012,
17376684,DEMANDA,SDC,ext_mibrizue,mismo dia,27 abr 2026,9:56:35,11:33:00,1:36:25,MLMS406816961,
17390279,DEMANDA,SDC,ext_mibrizue,mismo dia,27 abr 2026,11:43:55,11:47:27,0:03:32,MLBS407470206,
17390289,DEMANDA,SCP,ext_mibrizue,mismo dia,27 abr 2026,11:47:27,11:55:35,0:08:08,MLM5249581482,
17391488,DEMANDA,SDC,ext_mibrizue,mismo dia,27 abr 2026,11:57:09,11:58:20,0:01:11,MLMS407293257,
17391521,DEMANDA,SDC,ext_mibrizue,mismo dia,27 abr 2026,11:58:20,11:59:32,0:01:12,MLBS407294173,
17390441,DEMANDA,SCP,ext_mibrizue,mismo dia,27 abr 2026,11:59:32,12:10:34,0:11:02,MLB4627336163,
17402602,DEMANDA,SDC,ext_mibrizue,mismo dia,27 abr 2026,12:10:34,12:11:49,0:01:15,MLBS407494202,
17389640,DEMANDA,SDC,ext_mibrizue,mismo dia,27 abr 2026,12:12:05,12:13:04,0:00:59,MLMS407206867,
17402356,DEMANDA,SCP,ext_mibrizue,mismo dia,27 abr 2026,12:13:04,12:34:24,0:21:20,MLM5250575622,
17404440,DEMANDA,SDC,ext_mibrizue,mismo dia,27 abr 2026,12:34:24,12:34:43,0:00:19,MLUS407503610,
17404443,DEMANDA,SDC,ext_mibrizue,mismo dia,27 abr 2026,12:34:43,12:39:11,0:04:28,MLBS407314107,
17404526,DEMANDA,SDC,ext_mibrizue,mismo dia,27 abr 2026,12:39:11,12:54:25,0:15:14,MLBS407503996,
17404690,DEMANDA,SDC,ext_mibrizue,mismo dia,27 abr 2026,12:54:25,12:55:01,0:00:36,MLAS407507892,
17404691,DEMANDA,SDC,ext_mibrizue,mismo dia,27 abr 2026,12:55:02,12:55:51,0:00:49,MLBS407507960,
17404994,DEMANDA,SDC,ext_mibrizue,mismo dia,27 abr 2026,12:55:51,13:08:29,0:12:38,MLBS407319119,
17405150,DEMANDA,SDC,ext_mibrizue,mismo dia,27 abr 2026,14:08:45,14:11:03,0:02:18,MLBS407322007,
17405242,DEMANDA,SDC,ext_mibrizue,mismo dia,27 abr 2026,14:11:03,14:12:38,0:01:35,MLBS407323605,
17405298,DEMANDA,SDC,ext_mibrizue,mismo dia,27 abr 2026,14:12:38,14:13:23,0:00:45,MLBS407325675,
17404395,DEMANDA,SCP,ext_mibrizue,mismo dia,27 abr 2026,14:13:23,14:16:03,0:02:40,MLB6666963714,
17406588,DEMANDA,SDC,ext_mibrizue,mismo dia,27 abr 2026,14:44:41,14:45:21,0:00:40,MLAS407567542,
17405926,DEMANDA,SCP,ext_mibrizue,mismo dia,27 abr 2026,14:48:51,14:49:47,0:00:56,MLM2894356847,
17405991,DEMANDA,SCP,ext_mibrizue,mismo dia,27 abr 2026,14:49:47,14:51:29,0:01:42,MLB4637460881,
17406018,DEMANDA,SCP,ext_mibrizue,mismo dia,27 abr 2026,14:51:29,14:53:20,0:01:51,MLB4637466091,
17406763,DEMANDA,SDC,ext_mibrizue,mismo dia,27 abr 2026,14:57:12,14:58:20,0:01:08,MLBS407579140,
17406447,DEMANDA,SCP,ext_mibrizue,mismo dia,27 abr 2026,14:58:20,14:59:18,0:00:58,MLB4630972683,
17406494,DEMANDA,SCP,ext_mibrizue,mismo dia,27 abr 2026,14:59:17,15:39:24,0:40:07,MLB4637601669,
17407398,DEMANDA,SCP,ext_mibrizue,mismo dia,27 abr 2026,15:39:24,15:40:14,0:00:50,MLB6676700396,
17407419,DEMANDA,SDC,ext_mibrizue,mismo dia,27 abr 2026,15:41:08,15:41:17,0:00:09,MLBS407607250,
17407417,DEMANDA,SDC,ext_mibrizue,mismo dia,27 abr 2026,15:41:17,15:41:39,0:00:22,MLBS407616776,
17407425,DEMANDA,SCP,ext_mibrizue,mismo dia,27 abr 2026,15:41:39,15:56:27,0:14:48,MLB6676701750,
17407552,DEMANDA,SDC,ext_mibrizue,mismo dia,27 abr 2026,15:56:27,16:23:33,0:27:06,MLAS407437693,
17357598,ENHANCEMENT,MAO,ext_mibrizue,mismo dia,27 abr 2026,16:23:34,16:28:13,0:04:39,null,
17357608,ENHANCEMENT,MAO,ext_mibrizue,mismo dia,27 abr 2026,16:28:13,16:29:40,0:01:27,null,
17357611,ENHANCEMENT,MAO,ext_mibrizue,mismo dia,27 abr 2026,16:29:40,16:30:25,0:00:45,null,
17357610,ENHANCEMENT,MAO,ext_mibrizue,mismo dia,27 abr 2026,16:33:34,16:36:21,0:02:47,null,
17357607,ENHANCEMENT,MAO,ext_mibrizue,mismo dia,27 abr 2026,16:36:48,16:38:01,0:01:13,null,
17408118,DEMANDA,SDC,ext_mibrizue,mismo dia,27 abr 2026,16:38:35,16:39:15,0:00:40,MLBS407480351,
17408168,DEMANDA,SCP,ext_mibrizue,mismo dia,27 abr 2026,16:39:16,16:40:38,0:01:22,MLB6676862028,
17408173,DEMANDA,SDC,ext_mibrizue,mismo dia,27 abr 2026,16:40:38,16:41:13,0:00:35,MLBS407653556,
17408183,DEMANDA,SDC,ext_mibrizue,mismo dia,27 abr 2026,16:41:13,16:41:39,0:00:26,MLMS407480369,
17408196,DEMANDA,SDC,ext_mibrizue,mismo dia,27 abr 2026,16:41:39,16:41:59,0:00:20,MLBS407484583,
17408213,DEMANDA,SCP,ext_mibrizue,mismo dia,27 abr 2026,16:41:59,16:43:10,0:01:11,MLB6676856204,
17408171,DEMANDA,PHARMA,ext_mibrizue,mismo dia,27 abr 2026,16:43:11,16:44:34,0:01:23,MLMS407480347,
17408229,DEMANDA,SDC,ext_mibrizue,mismo dia,27 abr 2026,16:45:47,16:46:02,0:00:15,MLBS407674284,
17408244,DEMANDA,SDC,ext_mibrizue,mismo dia,27 abr 2026,16:46:02,16:46:23,0:00:21,MLBS407674960,
17408251,DEMANDA,SCP,ext_mibrizue,mismo dia,27 abr 2026,16:46:51,16:48:24,0:01:33,MLB6667096866,
17408684,DEMANDA,SDC,ext_mibrizue,mismo dia,27 abr 2026,17:16:36,17:17:20,0:00:44,MLMS407493205,
17408723,DEMANDA,ENHANCED CONTENT,ext_mibrizue,mismo dia,27 abr 2026,17:17:20,17:17:35,0:00:15,https://catalog-domains.adminml.com/catalogo/marcas/plantillas/revisor/49c65620-4a4e-41f7-899e-6644e17b8dcb,
17357911,ENHANCEMENT,MAO,ext_mibrizue,mismo dia,27 abr 2026,17:17:36,17:18:15,0:00:39,null,
17357810,ENHANCEMENT,MAO,ext_mibrizue,mismo dia,27 abr 2026,17:19:12,17:20:47,0:01:35,null,
17408763,DEMANDA,SDC,ext_mibrizue,mismo dia,27 abr 2026,17:21:10,17:21:25,0:00:15,MLBS407682578,
17408789,DEMANDA,SCP,ext_mibrizue,mismo dia,27 abr 2026,17:22:58,17:24:02,0:01:04,MLB6676715560,
17408816,DEMANDA,SCP,ext_mibrizue,mismo dia,27 abr 2026,17:27:07,17:27:58,0:00:51,MLB6676980048,
17408830,DEMANDA,SDC,ext_mibrizue,mismo dia,27 abr 2026,17:27:57,17:28:28,0:00:31,MLBS407503367,
17357496,ENHANCEMENT,MAO,ext_mibrizue,mismo dia,27 abr 2026,17:29:01,17:29:33,0:00:32,null,
17408860,DEMANDA,ENHANCED CONTENT,ext_mibrizue,mismo dia,27 abr 2026,17:29:34,17:29:47,0:00:13,https://catalog-domains.adminml.com/catalogo/marcas/plantillas/revisor/8987ba4f-0291-46d9-81ae-4a65b494aef8,
17357779,ENHANCEMENT,MAO,ext_mibrizue,mismo dia,27 abr 2026,17:29:48,17:30:07,0:00:19,null,
17408861,DEMANDA,SCP,ext_mibrizue,mismo dia,27 abr 2026,17:30:07,17:31:44,0:01:37,MLB6676365012,
17408868,DEMANDA,SDC,ext_mibrizue,mismo dia,27 abr 2026,17:32:18,17:32:41,0:00:23,MLBS407508921,
17408923,DEMANDA,SDC,ext_mibrizue,mismo dia,27 abr 2026,17:35:42,17:35:59,0:00:17,MLBS407503291,
17408915,DEMANDA,SDC,ext_mibrizue,mismo dia,27 abr 2026,17:35:59,17:36:50,0:00:51,MLMS407508945,
17357741,ENHANCEMENT,MAO,ext_mibrizue,mismo dia,27 abr 2026,17:38:59,17:39:19,0:00:20,null,
17357760,ENHANCEMENT,MAO,ext_mibrizue,mismo dia,27 abr 2026,17:40:06,17:41:25,0:01:19,null,
17408961,DEMANDA,SDC,ext_mibrizue,mismo dia,27 abr 2026,17:41:25,17:41:42,0:00:17,MLBS407696678,
17408942,DEMANDA,SDC,ext_mibrizue,mismo dia,27 abr 2026,17:41:43,17:42:18,0:00:35,MLMS407698374,
17408968,DEMANDA,SDC,ext_mibrizue,mismo dia,27 abr 2026,17:42:18,17:42:43,0:00:25,MLBS407510813,
17408981,DEMANDA,SDC,ext_mibrizue,mismo dia,27 abr 2026,17:45:15,17:46:22,0:01:07,MLBS407498133,
17408995,DEMANDA,SDC,ext_mibrizue,mismo dia,27 abr 2026,17:46:22,17:46:49,0:00:27,MLBS407510861,
17357721,ENHANCEMENT,MAO,ext_mibrizue,mismo dia,27 abr 2026,17:46:57,17:48:08,0:01:11,null,
17410263,DEMANDA,SCP,ext_mibrizue,mismo dia,28 abr 2026,9:32:00,9:33:56,0:01:56,MLA3241397334,
17410341,DEMANDA,SCP,ext_mibrizue,mismo dia,28 abr 2026,9:33:56,9:48:08,0:14:12,MLM2894090799,
17410665,DEMANDA,SCP,ext_mibrizue,mismo dia,28 abr 2026,9:48:08,9:48:55,0:00:47,MLC3914634752,
17410680,DEMANDA,SCP,ext_mibrizue,mismo dia,28 abr 2026,9:48:55,9:50:01,0:01:06,MLM2893176205,
17410708,DEMANDA,SCP,ext_mibrizue,mismo dia,28 abr 2026,9:50:01,9:50:49,0:00:48,MLM2894903357,
17411592,DEMANDA,SDC,ext_mibrizue,mismo dia,28 abr 2026,9:59:56,10:00:22,0:00:26,MLBS407563963,
17411286,DEMANDA,SCP,ext_mibrizue,mismo dia,28 abr 2026,10:00:22,10:01:11,0:00:49,MLM2894917423,
17411560,DEMANDA,SDC,ext_mibrizue,mismo dia,28 abr 2026,10:01:11,10:39:19,0:38:08,MLMS407563855,
17416432,DEMANDA,SCP,ext_mibrizue,mismo dia,28 abr 2026,10:39:19,10:56:13,0:16:54,MLB6673657652,
17417547,DEMANDA,SDC,ext_mibrizue,mismo dia,28 abr 2026,10:56:13,10:59:50,0:03:37,MLBS407604397,
17417078,DEMANDA,SCP,ext_mibrizue,mismo dia,28 abr 2026,10:59:50,11:01:24,0:01:34,MLA3242264310,
17417172,DEMANDA,SCP,ext_mibrizue,mismo dia,28 abr 2026,11:01:25,11:35:27,0:34:02,MLM5237225000,
17418108,DEMANDA,SCP,ext_mibrizue,mismo dia,28 abr 2026,11:35:27,11:37:01,0:01:34,MLB4638498139,
17418121,DEMANDA,ENHANCED CONTENT,ext_mibrizue,mismo dia,28 abr 2026,11:37:02,11:37:14,0:00:12,https://catalog-domains.adminml.com/catalogo/marcas/plantillas/revisor/1e0df3a0-3b62-4904-afcd-0850c4a5a898,
17358296,ENHANCEMENT,MAO,ext_mibrizue,mismo dia,28 abr 2026,11:39:52,11:40:25,0:00:33,null,
17418132,DEMANDA,PHARMA,ext_mibrizue,mismo dia,28 abr 2026,11:40:25,11:45:26,0:05:01,MCO1918619869,
17418338,DEMANDA,ENHANCED CONTENT,ext_mibrizue,mismo dia,28 abr 2026,11:57:58,11:58:08,0:00:10,https://catalog-domains.adminml.com/catalogo/marcas/plantillas/revisor/cdb9ceb8-bd2f-45b1-bd75-3a54afca8c1f,
17418352,DEMANDA,SCP,ext_mibrizue,mismo dia,28 abr 2026,11:59:31,12:00:33,0:01:02,MLA1767870925,
17418356,DEMANDA,SCP,ext_mibrizue,mismo dia,28 abr 2026,12:00:34,12:02:49,0:02:15,MLA1767944845,
17417056,DEMANDA,SDC,ext_mibrizue,mismo dia,28 abr 2026,12:02:49,12:03:24,0:00:35,MLBS407791144,
17358142,ENHANCEMENT,MAO,ext_mibrizue,mismo dia,28 abr 2026,12:09:05,12:10:57,0:01:52,null,
17418572,DEMANDA,PHARMA,ext_mibrizue,mismo dia,28 abr 2026,12:10:57,12:13:19,0:02:22,MLM4961755700,
17418607,DEMANDA,SDC,ext_mibrizue,mismo dia,28 abr 2026,12:15:44,12:16:23,0:00:39,MLAS407609149,
17358358,ENHANCEMENT,MAO,ext_mibrizue,mismo dia,28 abr 2026,12:16:24,12:17:07,0:00:43,null,
17358012,ENHANCEMENT,MAO,ext_mibrizue,mismo dia,28 abr 2026,12:21:19,12:23:27,0:02:08,null,
17418679,DEMANDA,SDC,ext_mibrizue,mismo dia,28 abr 2026,12:23:27,12:24:28,0:01:01,MLBS407612339,
17358010,ENHANCEMENT,MAO,ext_mibrizue,mismo dia,28 abr 2026,12:24:28,12:25:21,0:00:53,null,
17418703,DEMANDA,SDC,ext_mibrizue,mismo dia,28 abr 2026,12:26:11,12:26:33,0:00:22,MLBS407802520,
17418778,DEMANDA,SDC,ext_mibrizue,mismo dia,28 abr 2026,12:36:03,12:36:31,0:00:28,MLAS407613013,
17418773,DEMANDA,SDC,ext_mibrizue,mismo dia,28 abr 2026,12:36:31,12:37:14,0:00:43,MLBS407802848,
17358660,ENHANCEMENT,MAO,ext_mibrizue,mismo dia,28 abr 2026,12:50:03,12:50:34,0:00:31,null,
17358685,ENHANCEMENT,MAO,ext_mibrizue,mismo dia,28 abr 2026,12:50:35,12:53:08,0:02:33,null,
17418896,DEMANDA,SDC,ext_mibrizue,mismo dia,28 abr 2026,12:53:08,12:53:56,0:00:48,MLBS407804540,
17418956,DEMANDA,PHARMA,ext_mibrizue,mismo dia,28 abr 2026,13:01:06,13:01:47,0:00:41,MLM2896576095,
17418973,DEMANDA,SDC,ext_mibrizue,mismo dia,28 abr 2026,13:01:47,13:03:54,0:02:07,MLBS407796924,
17418978,DEMANDA,PHARMA,ext_mibrizue,mismo dia,28 abr 2026,13:03:54,13:08:23,0:04:29,MLM5241670700,
17418963,DEMANDA,SDC,ext_mibrizue,mismo dia,28 abr 2026,13:08:23,13:08:39,0:00:16,MLCS407803794,
17418962,DEMANDA,SDC,ext_mibrizue,mismo dia,28 abr 2026,13:08:39,13:09:30,0:00:51,MLBS407614365,
17418990,DEMANDA,SDC,ext_mibrizue,mismo dia,28 abr 2026,13:20:07,13:22:29,0:02:22,MLBS407620447,
17418995,DEMANDA,SDC,ext_mibrizue,mismo dia,28 abr 2026,13:22:29,13:23:08,0:00:39,MLBS407619971,
17419263,DEMANDA,SCP,ext_mibrizue,mismo dia,28 abr 2026,13:23:08,13:28:06,0:04:58,MLB4639899615,
17419264,DEMANDA,SCP,ext_mibrizue,mismo dia,28 abr 2026,13:28:06,13:31:41,0:03:35,MLB6677128108,
17419311,DEMANDA,SDC,ext_mibrizue,mismo dia,28 abr 2026,13:31:53,13:34:31,0:02:38,MLBS407602995,
17417587,DEMANDA,SDC,ext_mibrizue,mismo dia,28 abr 2026,13:34:31,13:35:29,0:00:58,MLBS407605541,
17419375,DEMANDA,SDC,ext_mibrizue,mismo dia,28 abr 2026,13:35:29,13:36:07,0:00:38,MLBS407603111,
17419363,DEMANDA,SDC,ext_mibrizue,mismo dia,28 abr 2026,13:36:36,13:39:07,0:02:31,MLBS407813794,
17419928,DEMANDA,SDC,ext_mibrizue,mismo dia,28 abr 2026,14:21:50,14:42:43,0:20:53,MLBS407824802,
17419323,DEMANDA,SCP,ext_mibrizue,mismo dia,28 abr 2026,14:42:43,14:43:24,0:00:41,MLB4640172559,
17420093,DEMANDA,SDC,ext_mibrizue,mismo dia,28 abr 2026,14:43:24,14:43:49,0:00:25,MLAS407637699,
17420100,DEMANDA,SCP,ext_mibrizue,mismo dia,28 abr 2026,14:43:49,14:44:44,0:00:55,MLA3245101382,
17358582,ENHANCEMENT,MAO,ext_mibrizue,mismo dia,28 abr 2026,14:44:45,14:46:33,0:01:48,null,
17419265,DEMANDA,SCP,ext_mibrizue,mismo dia,28 abr 2026,13:39:07,14:47:35,1:08:28,MLB4638117625,
17420128,DEMANDA,SCP,ext_mibrizue,mismo dia,28 abr 2026,14:48:37,14:49:34,0:00:57,MLM5257419392,
17358566,ENHANCEMENT,MAO,ext_mibrizue,mismo dia,28 abr 2026,14:49:34,14:51:27,0:01:53,null,
17420144,DEMANDA,SDC,ext_mibrizue,mismo dia,28 abr 2026,14:51:28,14:53:54,0:02:26,MLBS407636861,
17420163,DEMANDA,SCP,ext_mibrizue,mismo dia,28 abr 2026,14:54:22,14:59:38,0:05:16,MLM5257432216,
17420196,DEMANDA,SCP,ext_mibrizue,mismo dia,28 abr 2026,14:59:38,15:21:36,0:21:58,MLB6676690798,
17420587,DEMANDA,SDC,ext_mibrizue,mismo dia,28 abr 2026,15:21:36,15:24:09,0:02:33,MLBS407828488,
17358417,ENHANCEMENT,MAO,ext_mibrizue,mismo dia,28 abr 2026,15:24:10,15:24:52,0:00:42,null,
17358399,ENHANCEMENT,MAO,ext_mibrizue,mismo dia,28 abr 2026,15:38:11,15:44:25,0:06:14,null,
17420769,DEMANDA,SDC,ext_mibrizue,mismo dia,28 abr 2026,15:44:26,15:57:37,0:13:11,MLCS407640215,
17420868,DEMANDA,SDC,ext_mibrizue,mismo dia,28 abr 2026,15:57:37,15:58:30,0:00:53,MLBS407832730,
17420915,DEMANDA,SCP,ext_mibrizue,mismo dia,28 abr 2026,15:58:30,16:00:25,0:01:55,MLC1942659789,
17420932,DEMANDA,SCP,ext_mibrizue,mismo dia,28 abr 2026,16:00:25,16:03:38,0:03:13,MLM2896914985,
17421518,DEMANDA,SCP,ext_mibrizue,mismo dia,28 abr 2026,16:44:22,16:45:56,0:01:34,MLB6682547952,
17421531,DEMANDA,SDC,ext_mibrizue,mismo dia,28 abr 2026,16:45:57,16:46:28,0:00:31,MLBS407838420,
17421534,DEMANDA,SDC,ext_mibrizue,mismo dia,28 abr 2026,16:46:28,16:47:14,0:00:46,MLCS407652659,
17421551,DEMANDA,SCP,ext_mibrizue,mismo dia,28 abr 2026,16:47:14,16:48:13,0:00:59,MLB6682515556,
17421412,DEMANDA,SDC,ext_mibrizue,mismo dia,28 abr 2026,16:49:08,16:49:49,0:00:41,MLAS407836688,
17358945,ENHANCEMENT,MAO,ext_mibrizue,mismo dia,28 abr 2026,16:49:50,16:52:45,0:02:55,null,
17358935,ENHANCEMENT,MAO,ext_mibrizue,mismo dia,28 abr 2026,16:52:46,17:06:25,0:13:39,null,
17422098,DEMANDA,SDC,ext_mibrizue,mismo dia,28 abr 2026,17:35:25,17:42:13,0:06:48,MLBS407848592,
17358940,ENHANCEMENT,MAO,ext_mibrizue,mismo dia,28 abr 2026,17:43:09,17:48:51,0:05:42,null,
17422222,DEMANDA,SDC,ext_mibrizue,mismo dia,28 abr 2026,17:51:26,17:52:35,0:01:09,MLAS407666267,
17422234,DEMANDA,SDC,ext_mibrizue,mismo dia,28 abr 2026,17:58:04,17:58:51,0:00:47,MLAS407665591,
17422191,DEMANDA,SDC,ext_mibrizue,mismo dia,28 abr 2026,17:58:50,18:03:53,0:05:03,MLBS407661679,
17422268,DEMANDA,SDC,ext_mibrizue,mismo dia,28 abr 2026,18:03:53,18:04:31,0:00:38,MLBS407852316,
17422272,DEMANDA,SDC,ext_mibrizue,mismo dia,28 abr 2026,18:04:31,18:05:13,0:00:42,MLBS407663147,
17422276,DEMANDA,SDC,ext_mibrizue,mismo dia,28 abr 2026,18:05:13,18:05:35,0:00:22,MLBS407663321,
17422328,DEMANDA,SDC,ext_mibrizue,mismo dia,28 abr 2026,18:05:35,18:07:30,0:01:55,MLBS407851724,
17422271,DEMANDA,SDC,ext_mibrizue,mismo dia,28 abr 2026,18:07:30,18:07:53,0:00:23,MLBS407853602,
17422273,DEMANDA,SDC,ext_mibrizue,mismo dia,28 abr 2026,18:07:53,18:09:39,0:01:46,MLBS407664155,
17422324,DEMANDA,SDC,ext_mibrizue,mismo dia,28 abr 2026,18:09:39,18:11:52,0:02:13,MLBS407853718,
17422298,DEMANDA,SDC,ext_mibrizue,mismo dia,28 abr 2026,18:13:45,18:13:57,0:00:12,MLBS407665215,
17422278,DEMANDA,SDC,ext_mibrizue,mismo dia,28 abr 2026,18:15:39,18:15:56,0:00:17,MLBS407853846,
17422294,DEMANDA,SDC,ext_mibrizue,mismo dia,28 abr 2026,18:15:56,18:16:37,0:00:41,MLBS407665965,
17422524,DEMANDA,SDC,ext_mibrizue,mismo dia,28 abr 2026,18:16:59,18:18:39,0:01:40,MLBS407856434,
17424183,DEMANDA,SDC,ext_mibrizue,mismo dia,29 abr 2026,9:08:21,9:08:30,0:00:09,MLMS404767216,Vino ya finalizada fecha hace 16 dias por user ext_mamorind
17423991,DEMANDA,SDC,ext_mibrizue,mismo dia,29 abr 2026,9:08:30,9:09:40,0:01:10,MLBS404582015,Vino ya finalizada fecha hace 16 dias por user ext_brcazon
17423998,DEMANDA,SDC,ext_mibrizue,mismo dia,29 abr 2026,9:10:05,9:10:44,0:00:39,MLMS407786242,
17424032,DEMANDA,SDC,ext_mibrizue,mismo dia,29 abr 2026,9:15:04,9:52:52,0:37:48,MLBS407637451,Hora de la meet 1:1
17424585,DEMANDA,SDC,ext_mibrizue,mismo dia,29 abr 2026,9:52:52,9:57:49,0:04:57,MLMS407899328,
17424736,DEMANDA,SDC,ext_mibrizue,mismo dia,29 abr 2026,9:58:06,10:01:38,0:03:32,MLBS407901830,
17424758,DEMANDA,SDC,ext_mibrizue,mismo dia,29 abr 2026,10:06:54,10:11:06,0:04:12,MLMS407713843,
17424985,DEMANDA,SDC,ext_mibrizue,mismo dia,29 abr 2026,10:11:07,10:11:49,0:00:42,MLMS407913272,Prueba de tiempo por tl 40 seg
17424998,DEMANDA,SDC,ext_mibrizue,mismo dia,29 abr 2026,10:11:49,10:35:54,0:24:05,MLMS407724763,
17425509,DEMANDA,SCP,ext_mibrizue,mismo dia,29 abr 2026,10:35:54,10:43:24,0:07:30,MLB6516848958,
17425725,DEMANDA,SDC,ext_mibrizue,mismo dia,29 abr 2026,10:43:24,10:44:38,0:01:14,MLMS407759845,
17429412,DEMANDA,SDC,ext_mibrizue,mismo dia,29 abr 2026,10:44:38,10:45:45,0:01:07,MLMS407951142,
17425647,DEMANDA,SCP,ext_mibrizue,mismo dia,29 abr 2026,10:45:45,10:49:55,0:04:10,MLB6685086422,
17429486,DEMANDA,SDC,ext_mibrizue,mismo dia,29 abr 2026,10:49:55,10:53:37,0:03:42,MLMS407955168,
17429378,DEMANDA,SCP,ext_mibrizue,mismo dia,29 abr 2026,10:53:37,11:00:14,0:06:37,MLM5254005600,
17429445,DEMANDA,SCP,ext_mibrizue,mismo dia,29 abr 2026,11:00:14,11:01:50,0:01:36,MLM2898055941,
17429953,DEMANDA,SDC,ext_mibrizue,mismo dia,29 abr 2026,11:01:50,11:08:56,0:07:06,MLMS407773363,
17430544,DEMANDA,SDC,ext_mibrizue,mismo dia,29 abr 2026,11:08:56,11:14:55,0:05:59,MLMS407783941,
17430920,DEMANDA,SDC,ext_mibrizue,mismo dia,29 abr 2026,11:14:55,11:15:41,0:00:46,MLBS407788595,
17431060,DEMANDA,SDC,ext_mibrizue,mismo dia,29 abr 2026,11:15:41,11:26:12,0:10:31,MLBS407979972,
17430946,DEMANDA,SCP,ext_mibrizue,mismo dia,29 abr 2026,11:26:12,11:28:47,0:02:35,MLA3249151246,
17423866,DEMANDA,SCP,ext_mibrizue,mismo dia,29 abr 2026,10:01:38,11:55:44,1:54:06,MLB4641121847,
17431610,DEMANDA,SCP,ext_mibrizue,mismo dia,29 abr 2026,11:55:44,11:57:40,0:01:56,MLB6687182262,
17431638,DEMANDA,SDC,ext_mibrizue,mismo dia,29 abr 2026,11:57:40,11:58:24,0:00:44,MLAS407988182,
17431015,DEMANDA,SCP,ext_mibrizue,mismo dia,29 abr 2026,11:28:47,11:59:31,0:30:44,MLB6601179918,
17431635,DEMANDA,SDC,ext_mibrizue,mismo dia,29 abr 2026,11:59:54,12:00:42,0:00:48,MLBS407800041,
17359465,ENHANCEMENT,MAO,ext_mibrizue,mismo dia,29 abr 2026,12:28:58,12:29:28,0:00:30,null,
17359464,ENHANCEMENT,MAO,ext_mibrizue,mismo dia,29 abr 2026,12:29:28,12:45:41,0:16:13,null,
17432242,DEMANDA,SDC,ext_mibrizue,mismo dia,29 abr 2026,12:59:11,12:59:27,0:00:16,MLBS407813377,0.23
17432239,DEMANDA,SDC,ext_mibrizue,mismo dia,29 abr 2026,12:59:27,13:10:09,0:10:42,MLBS407816231,
17432308,DEMANDA,SDC,ext_mibrizue,mismo dia,29 abr 2026,13:10:09,13:32:18,0:22:09,MLBS407810935,
17432572,DEMANDA,ENHANCED CONTENT,ext_mibrizue,mismo dia,29 abr 2026,13:32:19,13:32:40,0:00:21,https://catalog-domains.adminml.com/catalogo/marcas/plantillas/revisor/5df87be7-b3a2-4431-9201-35a5fcb4dae6,
17432715,DEMANDA,ENHANCED CONTENT,ext_mibrizue,mismo dia,29 abr 2026,13:59:47,14:00:39,0:00:52,https://catalog-domains.adminml.com/catalogo/marcas/plantillas/revisor/55e23140-a215-487e-b8f0-fdf5884df2b8,
17432611,DEMANDA,SDC,ext_mibrizue,mismo dia,29 abr 2026,14:00:40,14:02:05,0:01:25,MLBS407805463,
17432374,DEMANDA,SDC,ext_mibrizue,mismo dia,29 abr 2026,14:04:41,14:06:13,0:01:32,MCOS408000944,
17432582,DEMANDA,SDC,ext_mibrizue,mismo dia,29 abr 2026,14:06:13,14:09:24,0:03:11,MLBS407826133,
17432734,DEMANDA,SDC,ext_mibrizue,mismo dia,29 abr 2026,14:09:24,14:11:06,0:01:42,MLCS407841045,
17432786,DEMANDA,SDC,ext_mibrizue,mismo dia,29 abr 2026,14:11:07,14:11:34,0:00:27,MLAS408036640,
17432869,DEMANDA,SDC,ext_mibrizue,mismo dia,29 abr 2026,14:11:35,14:12:06,0:00:31,MLAS408039496,
17432450,DEMANDA,SCP,ext_mibrizue,mismo dia,29 abr 2026,14:12:45,14:14:35,0:01:50,MCO1919256271,
17433557,DEMANDA,SCP,ext_mibrizue,mismo dia,29 abr 2026,15:29:13,15:31:08,0:01:55,MLB6687857668,
17359750,ENHANCEMENT,MAO,ext_mibrizue,mismo dia,29 abr 2026,15:31:09,15:35:46,0:04:37,null,
17359964,ENHANCEMENT,MAO,ext_mibrizue,mismo dia,29 abr 2026,15:40:06,15:44:27,0:04:21,null,
17433827,DEMANDA,SCP,ext_mibrizue,mismo dia,29 abr 2026,15:55:44,16:01:15,0:05:31,MLB4642641889,
17433859,DEMANDA,SDC,ext_mibrizue,mismo dia,29 abr 2026,16:01:15,16:08:20,0:07:05,MLAS408059814,
17434050,DEMANDA,PHARMA,ext_mibrizue,mismo dia,29 abr 2026,16:08:20,16:13:28,0:05:08,MCO1920403945,
17359872,ENHANCEMENT,MAO,ext_mibrizue,mismo dia,29 abr 2026,16:13:29,16:17:33,0:04:04,null,
17434205,DEMANDA,SDC,ext_mibrizue,mismo dia,29 abr 2026,16:17:33,16:19:05,0:01:32,MLBS408059354,
17434332,DEMANDA,PHARMA,ext_mibrizue,mismo dia,29 abr 2026,16:35:02,16:45:55,0:10:53,MLM2899149279,
17360583,ENHANCEMENT,MAO,ext_mibrizue,mismo dia,29 abr 2026,16:45:55,16:50:38,0:04:43,#N/A,
17434460,DEMANDA,SDC,ext_mibrizue,mismo dia,29 abr 2026,16:50:38,16:50:55,0:00:17,MLBS408063312,
17434469,DEMANDA,SDC,ext_mibrizue,mismo dia,29 abr 2026,16:50:55,16:57:04,0:06:09,MLAS407874131,
17434488,DEMANDA,SDC,ext_mibrizue,mismo dia,29 abr 2026,16:57:05,16:58:37,0:01:32,MLBS408062828,https://catalog-domains.adminml.com/ruler/product-suggestions/MLBS408071774
17434498,DEMANDA,SDC,ext_mibrizue,mismo dia,29 abr 2026,16:58:37,16:59:04,0:00:27,MLBS407875285,
17360508,ENHANCEMENT,MAO,ext_mibrizue,mismo dia,29 abr 2026,17:11:13,17:13:53,0:02:40,null,
17360506,ENHANCEMENT,MAO,ext_mibrizue,mismo dia,29 abr 2026,17:15:17,17:22:35,0:07:18,null,
17360622,ENHANCEMENT,MAO,ext_mibrizue,mismo dia,29 abr 2026,17:30:02,17:33:44,0:03:42,null,
17434857,DEMANDA,ENHANCED CONTENT,ext_mibrizue,mismo dia,29 abr 2026,17:33:45,17:34:04,0:00:19,https://catalog-domains.adminml.com/catalogo/marcas/plantillas/revisor/3cff568c-d719-49c8-8df4-771d8b68c150,OK enh content tarda menos
17360601,ENHANCEMENT,MAO,ext_mibrizue,mismo dia,29 abr 2026,17:34:05,17:35:39,0:01:34,null,
17434892,DEMANDA,SCP,ext_mibrizue,mismo dia,29 abr 2026,17:38:24,17:46:14,0:07:50,MLA3250915790,
17360367,ENHANCEMENT,MAO,ext_mibrizue,mismo dia,29 abr 2026,17:46:15,17:48:01,0:01:46,null,
17360354,ENHANCEMENT,MAO,ext_mibrizue,mismo dia,29 abr 2026,17:49:16,17:51:48,0:02:32,null,
17360349,ENHANCEMENT,MAO,ext_mibrizue,mismo dia,29 abr 2026,17:51:49,17:54:02,0:02:13,null,
17360342,ENHANCEMENT,MAO,ext_mibrizue,mismo dia,29 abr 2026,17:54:02,17:59:07,0:05:05,null,
17435002,DEMANDA,SDC,ext_mibrizue,mismo dia,29 abr 2026,17:59:07,18:00:05,0:00:58,MLMS407879625,3
17435046,DEMANDA,SDC,ext_mibrizue,mismo dia,29 abr 2026,18:00:31,18:00:50,0:00:19,MLMS408068376,0.3
17434821,DEMANDA,SDC,ext_mibrizue,mismo dia,29 abr 2026,18:01:03,18:02:53,0:01:50,MLCS408059276,
17435056,DEMANDA,SCP,ext_mibrizue,mismo dia,29 abr 2026,18:05:41,18:07:06,0:01:25,MLB6687885736,
17435063,DEMANDA,SDC,ext_mibrizue,mismo dia,29 abr 2026,18:07:06,18:07:41,0:00:35,MLBS408070720,
17434847,DEMANDA,SDC,ext_mibrizue,mismo dia,29 abr 2026,18:10:11,18:13:03,0:02:52,MLBS408059116,
17435034,DEMANDA,SDC,ext_mibrizue,mismo dia,29 abr 2026,18:13:03,18:13:30,0:00:27,MLBS407878489,
17435045,DEMANDA,SDC,ext_mibrizue,mismo dia,29 abr 2026,18:13:30,18:18:31,0:05:01,MLBS408068478,
17435177,DEMANDA,SDC,ext_mibrizue,mismo dia,29 abr 2026,18:18:31,18:19:46,0:01:15,MLMS407871571,
17435037,DEMANDA,SDC,ext_mibrizue,mismo dia,29 abr 2026,18:19:46,18:20:19,0:00:33,MLBS408068724,
17435039,DEMANDA,SDC,ext_mibrizue,mismo dia,29 abr 2026,18:20:19,18:20:43,0:00:24,MLBS408068780,
17435209,DEMANDA,SDC,ext_mibrizue,mismo dia,29 abr 2026,18:20:43,18:21:23,0:00:40,MLMS408058704,
17435038,DEMANDA,SDC,ext_mibrizue,mismo dia,29 abr 2026,18:21:23,18:21:55,0:00:32,MLBS407879129,
17435899,DEMANDA,SDC,ext_matvalle,mismo dia,30 abr 2026,9:34:09,9:34:58,0:00:49,MLAS408092318,
17435943,DEMANDA,SDC,ext_matvalle,mismo dia,30 abr 2026,9:34:59,9:35:51,0:00:52,MLBS407902453,
17435849,DEMANDA,SCP,ext_matvalle,mismo dia,30 abr 2026,9:37:49,9:38:56,0:01:07,MLA3251340846,
17435892,DEMANDA,SCP,ext_matvalle,mismo dia,30 abr 2026,9:38:56,9:40:51,0:01:55,MLM5262320964,
17436188,DEMANDA,SDC,ext_matvalle,mismo dia,30 abr 2026,9:40:51,9:45:25,0:04:34,MLBS407908005,
17436101,DEMANDA,SCP,ext_matvalle,mismo dia,30 abr 2026,9:45:25,9:47:09,0:01:44,MLM2895623509,
17436153,DEMANDA,SCP,ext_matvalle,mismo dia,30 abr 2026,9:47:09,9:48:58,0:01:49,MLB6690084376,
17436200,DEMANDA,SCP,ext_matvalle,mismo dia,30 abr 2026,9:49:37,9:50:50,0:01:13,MLM2899598567,
17436426,DEMANDA,SCP,ext_matvalle,mismo dia,30 abr 2026,9:52:50,9:54:00,0:01:10,MLB4643801701,
17436560,DEMANDA,SCP,ext_matvalle,mismo dia,30 abr 2026,9:54:01,9:54:46,0:00:45,MLA3189522662,
17436688,DEMANDA,SCP,ext_matvalle,mismo dia,30 abr 2026,9:54:47,9:56:58,0:02:11,MLA1706544545,
17436885,DEMANDA,SCP,ext_matvalle,mismo dia,30 abr 2026,9:57:34,9:58:50,0:01:16,MLB6685094568,
17437227,DEMANDA,SDC,ext_matvalle,mismo dia,30 abr 2026,9:58:50,10:00:32,0:01:42,MLBS408105062,
17437180,DEMANDA,SCP,ext_matvalle,mismo dia,30 abr 2026,10:06:20,10:07:20,0:01:00,MLM5266026026,
17437232,DEMANDA,SCP,ext_matvalle,mismo dia,30 abr 2026,10:07:20,10:08:16,0:00:56,MLM5255310332,
17437251,DEMANDA,SCP,ext_matvalle,mismo dia,30 abr 2026,10:08:17,10:09:39,0:01:22,MLM5262346918,
17437350,DEMANDA,SCP,ext_matvalle,mismo dia,30 abr 2026,10:09:39,10:10:26,0:00:47,MLM2899895053,
17437563,DEMANDA,SDC,ext_matvalle,mismo dia,30 abr 2026,10:10:26,10:14:15,0:03:49,MLBS408116464,
17437558,DEMANDA,SCP,ext_matvalle,mismo dia,30 abr 2026,10:14:15,10:15:02,0:00:47,CBT3983074566,
17437880,DEMANDA,SDC,ext_matvalle,mismo dia,30 abr 2026,10:15:21,10:16:00,0:00:39,MLAS407930639,
17437596,DEMANDA,SCP,ext_matvalle,mismo dia,30 abr 2026,10:16:00,10:17:03,0:01:03,MLB6188187834,
17437833,DEMANDA,SDC,ext_matvalle,mismo dia,30 abr 2026,10:17:03,10:18:54,0:01:51,MLMS408119520,
17437718,DEMANDA,SCP,ext_matvalle,mismo dia,30 abr 2026,10:18:54,10:21:29,0:02:35,MLB6506995616,
17441936,DEMANDA,SDC,ext_matvalle,mismo dia,30 abr 2026,10:21:29,10:23:19,0:01:50,MLMS407932211,
17439892,DEMANDA,SCP,ext_matvalle,mismo dia,30 abr 2026,10:23:19,10:25:35,0:02:16,CBT3983139630,
17442262,DEMANDA,SDC,ext_matvalle,mismo dia,30 abr 2026,10:25:35,10:33:08,0:07:33,MLMS408129952,
17442275,DEMANDA,SCP,ext_matvalle,mismo dia,30 abr 2026,10:33:08,10:34:17,0:01:09,MLM2900591893,
17443200,DEMANDA,SDC,ext_matvalle,mismo dia,30 abr 2026,10:34:18,10:36:12,0:01:54,MLBS407942371,
17444148,DEMANDA,SCP,ext_matvalle,mismo dia,30 abr 2026,11:21:38,11:23:26,0:01:48,MLA1769182541,
17444194,DEMANDA,SDC,ext_matvalle,mismo dia,30 abr 2026,11:30:53,11:31:49,0:00:56,MLBS407950709,
17360270,ENHANCEMENT,MAO,ext_matvalle,mismo dia,30 abr 2026,11:39:21,11:44:58,0:05:37,null,
17444284,DEMANDA,SCP,ext_matvalle,mismo dia,30 abr 2026,11:52:46,11:53:59,0:01:13,MLB4643453933,
17444725,DEMANDA,SDC,ext_matvalle,mismo dia,30 abr 2026,12:30:31,12:30:57,0:00:26,MLBS408152786,
17360768,ENHANCEMENT,MAO,ext_matvalle,mismo dia,30 abr 2026,12:48:39,12:50:04,0:01:25,null,
17444868,DEMANDA,SDC,ext_matvalle,mismo dia,30 abr 2026,12:50:34,12:50:58,0:00:24,MLBS408158666,
17444880,DEMANDA,SCP,ext_matvalle,mismo dia,30 abr 2026,12:50:58,12:52:29,0:01:31,MLB4644991279,
17444894,DEMANDA,SCP,ext_matvalle,mismo dia,30 abr 2026,12:52:29,12:53:39,0:01:10,MLB6689266698,
17444898,DEMANDA,SCP,ext_matvalle,mismo dia,30 abr 2026,12:53:39,12:55:02,0:01:23,MLB6693818112,
17444931,DEMANDA,SDC,ext_matvalle,mismo dia,30 abr 2026,12:58:08,12:59:01,0:00:53,MLBS408168640,
17444930,DEMANDA,SDC,ext_matvalle,mismo dia,30 abr 2026,12:59:01,13:04:48,0:05:47,MLBS407975293,
17444970,DEMANDA,SCP,ext_matvalle,mismo dia,30 abr 2026,13:04:49,14:04:45,0:59:56,MLA1770755603,
17445122,DEMANDA,SDC,ext_matvalle,mismo dia,30 abr 2026,14:04:45,14:06:02,0:01:17,MLMS408174878,
17445361,DEMANDA,SDC,ext_matvalle,mismo dia,30 abr 2026,14:06:02,14:06:36,0:00:34,MLBS408182722,
17445328,DEMANDA,SDC,ext_matvalle,mismo dia,30 abr 2026,14:06:36,14:08:49,0:02:13,MLAS408191024,
17445444,DEMANDA,SCP,ext_matvalle,mismo dia,30 abr 2026,14:08:49,14:10:24,0:01:35,MLA1770780889,
17445498,DEMANDA,SDC,ext_matvalle,mismo dia,30 abr 2026,14:10:24,14:10:56,0:00:32,MLBS408205924,
17445923,DEMANDA,SCP,ext_matvalle,mismo dia,30 abr 2026,14:44:32,14:45:25,0:00:53,MLB4643306635,
17445936,DEMANDA,SDC,ext_matvalle,mismo dia,30 abr 2026,14:46:50,14:51:29,0:04:39,MCOS408216124,
17445971,DEMANDA,SDC,ext_matvalle,mismo dia,30 abr 2026,14:51:29,14:55:30,0:04:01,MLBS408216148,
17445995,DEMANDA,SCP,ext_matvalle,mismo dia,30 abr 2026,14:55:30,14:56:19,0:00:49,MLU1349720820,
17446000,DEMANDA,SCP,ext_matvalle,mismo dia,30 abr 2026,14:56:19,14:57:16,0:00:57,MLB4645394111,
17446013,DEMANDA,SCP,ext_matvalle,mismo dia,30 abr 2026,14:57:16,14:58:06,0:00:50,MLA1771022849,
17446019,DEMANDA,ENHANCED CONTENT,ext_matvalle,mismo dia,30 abr 2026,14:58:06,14:58:24,0:00:18,https://catalog-domains.adminml.com/catalogo/marcas/plantillas/revisor/843d5bf1-55c6-4420-abe9-8c1247d7b2de,
17446020,DEMANDA,SCP,ext_matvalle,mismo dia,30 abr 2026,14:58:25,14:59:32,0:01:07,MLB4645697553,
17360810,ENHANCEMENT,MAO,ext_matvalle,mismo dia,30 abr 2026,12:36:31,15:33:45,2:57:14,null,
17446328,DEMANDA,SCP,ext_matvalle,mismo dia,30 abr 2026,15:37:34,15:39:54,0:02:20,MLM5270974022,
17361961,ENHANCEMENT,MAO,ext_matvalle,mismo dia,30 abr 2026,15:39:55,16:09:12,0:29:17,null,
17361859,ENHANCEMENT,MAO,ext_matvalle,mismo dia,30 abr 2026,16:09:12,16:13:38,0:04:26,null,
17361835,ENHANCEMENT,MAO,ext_matvalle,mismo dia,30 abr 2026,16:13:39,16:28:56,0:15:17,null,
17446776,DEMANDA,SDC,ext_matvalle,mismo dia,30 abr 2026,16:30:47,16:34:55,0:04:08,MLBS408318188,
17397289,ENHANCEMENT,MAO,ext_matvalle,mismo dia,30 abr 2026,16:34:56,16:37:32,0:02:36,null,
17446848,DEMANDA,SCP,ext_matvalle,mismo dia,30 abr 2026,16:40:08,16:42:54,0:02:46,MLB4639968259,
17397306,ENHANCEMENT,MAO,ext_matvalle,mismo dia,30 abr 2026,16:42:54,16:43:48,0:00:54,null,
17446871,DEMANDA,SCP,ext_matvalle,mismo dia,30 abr 2026,16:43:48,16:47:01,0:03:13,MLB6693193866,
17397247,ENHANCEMENT,MAO,ext_matvalle,mismo dia,30 abr 2026,16:47:02,16:50:48,0:03:46,null,
17361451,ENHANCEMENT,MAO,ext_matvalle,mismo dia,30 abr 2026,15:01:19,16:58:58,1:57:39,null,Fue una creacion donde se postergó la tarea
17446966,DEMANDA,SCP,ext_matvalle,mismo dia,30 abr 2026,16:58:58,17:00:19,0:01:21,MCO3909629736,
17446975,DEMANDA,SCP,ext_matvalle,mismo dia,30 abr 2026,17:00:19,17:01:26,0:01:07,MLB6698166840,
17397195,ENHANCEMENT,MAO,ext_matvalle,mismo dia,30 abr 2026,17:01:27,17:03:09,0:01:42,null,
17397407,ENHANCEMENT,MAO,ext_matvalle,mismo dia,30 abr 2026,17:03:10,17:04:08,0:00:58,null,
17447228,DEMANDA,SDC,ext_matvalle,mismo dia,30 abr 2026,17:20:28,17:20:57,0:00:29,MLBS408155339,
17447230,DEMANDA,SDC,ext_matvalle,mismo dia,30 abr 2026,17:20:57,17:21:30,0:00:33,MLBS408178739,
17447215,DEMANDA,SCP,ext_matvalle,mismo dia,30 abr 2026,17:22:06,17:23:10,0:01:04,MLA1771103171,
17397454,ENHANCEMENT,MAO,ext_matvalle,mismo dia,30 abr 2026,17:23:10,17:27:26,0:04:16,null,
17447348,DEMANDA,SDC,ext_matvalle,mismo dia,30 abr 2026,17:40:28,17:41:42,0:01:14,MLMS408360688,
17397549,ENHANCEMENT,MAO,ext_matvalle,mismo dia,30 abr 2026,17:41:43,17:45:21,0:03:38,null,
17447370,DEMANDA,SDC,ext_matvalle,mismo dia,30 abr 2026,17:46:35,17:47:22,0:00:47,MLAS408373742,
17436128,DEMANDA,SDC,ext_mibrizue,mismo dia,30 abr 2026,9:15:41,9:19:16,0:03:35,MLBS408095820,
17437078,DEMANDA,SDC,ext_mibrizue,mismo dia,30 abr 2026,9:19:16,9:27:14,0:07:58,MLBS407913211,
17436607,DEMANDA,SCP,ext_mibrizue,mismo dia,30 abr 2026,9:27:13,9:52:12,0:24:59,MLB6682821726,
17436343,DEMANDA,SCP,ext_mibrizue,mismo dia,30 abr 2026,9:52:20,9:57:24,0:05:04,MLA3168407514,
17436858,DEMANDA,SCP,ext_mibrizue,mismo dia,30 abr 2026,9:57:24,9:58:03,0:00:39,MLB6600183968,0.22
17437283,DEMANDA,SDC,ext_mibrizue,mismo dia,30 abr 2026,10:04:06,10:04:40,0:00:34,MLMS408105968,0.31
17437098,DEMANDA,SCP,ext_mibrizue,mismo dia,30 abr 2026,10:04:40,10:06:31,0:01:51,MLA3158946836,
17437379,DEMANDA,SDC,ext_mibrizue,mismo dia,30 abr 2026,10:06:31,10:10:34,0:04:03,MLMS408109364,
17437439,DEMANDA,SCP,ext_mibrizue,mismo dia,30 abr 2026,10:10:34,10:16:45,0:06:11,MLB6235809708,
17437611,DEMANDA,SCP,ext_mibrizue,mismo dia,30 abr 2026,10:16:45,10:20:29,0:03:44,CBT3983139594,
17437796,DEMANDA,SCP,ext_mibrizue,mismo dia,30 abr 2026,10:20:29,10:23:47,0:03:18,MLB4604885049,
17440019,DEMANDA,SCP,ext_mibrizue,mismo dia,30 abr 2026,10:23:47,10:26:36,0:02:49,CBT3983074598,
17442428,DEMANDA,SCP,ext_mibrizue,mismo dia,30 abr 2026,10:39:18,11:48:27,1:09:09,MLM2840573311,Puede haber estado hold por problema de gtin
17443242,DEMANDA,SDC,ext_mibrizue,mismo dia,30 abr 2026,10:26:36,11:48:44,1:22:08,MLAS407940259,unificación de familia ¿no se holdeo?
17437206,DEMANDA,SDC,ext_mibrizue,mismo dia,30 abr 2026,9:58:03,11:49:13,1:51:10,MLMS407914309,Se holdeo por cambio en modelo
17361078,ENHANCEMENT,MAO,ext_mibrizue,mismo dia,30 abr 2026,11:49:13,11:50:39,0:01:26,null,
17444270,DEMANDA,SDC,ext_mibrizue,mismo dia,30 abr 2026,11:50:39,11:51:24,0:00:45,MLBS407954075,
17361057,ENHANCEMENT,MAO,ext_mibrizue,mismo dia,30 abr 2026,11:59:57,12:03:29,0:03:32,null,
17443084,DEMANDA,PHARMA,ext_mibrizue,mismo dia,30 abr 2026,12:10:18,12:12:21,0:02:03,MLM2864356117,
17444767,DEMANDA,SDC,ext_mibrizue,mismo dia,30 abr 2026,12:42:24,12:45:58,0:03:34,MLBS407970915,
17361221,ENHANCEMENT,MAO,ext_mibrizue,mismo dia,30 abr 2026,12:45:59,12:47:36,0:01:37,null,
17444909,DEMANDA,SDC,ext_mibrizue,mismo dia,30 abr 2026,12:56:41,12:57:27,0:00:46,MLBS407960061,
17444934,DEMANDA,SDC,ext_mibrizue,mismo dia,30 abr 2026,12:57:27,12:59:20,0:01:53,MLBS407952453,
17444960,DEMANDA,SDC,ext_mibrizue,mismo dia,30 abr 2026,13:04:26,13:05:05,0:00:39,MLAS407976093,
17445040,DEMANDA,PHARMA,ext_mibrizue,mismo dia,30 abr 2026,13:08:58,13:15:10,0:06:12,MLMS408171322,
17445043,DEMANDA,SDC,ext_mibrizue,mismo dia,30 abr 2026,13:15:10,13:15:38,0:00:28,MLBS407972801,0.37
17445107,DEMANDA,SDC,ext_mibrizue,mismo dia,30 abr 2026,13:18:01,13:18:32,0:00:31,MLBS407972679,0.4
17445034,DEMANDA,SDC,ext_mibrizue,mismo dia,30 abr 2026,13:18:32,13:19:05,0:00:33,MLBS407973045,0.29
17445030,DEMANDA,SDC,ext_mibrizue,mismo dia,30 abr 2026,13:19:05,13:19:55,0:00:50,MLBS408163986,
17445114,DEMANDA,SDC,ext_mibrizue,mismo dia,30 abr 2026,13:19:55,13:20:29,0:00:34,MLBS408164714,0.41
17445033,DEMANDA,SDC,ext_mibrizue,mismo dia,30 abr 2026,13:20:29,13:22:00,0:01:31,MLAS408164760,
17445120,DEMANDA,SDC,ext_mibrizue,mismo dia,30 abr 2026,13:22:00,13:22:54,0:00:54,MLBS408164868,
17445031,DEMANDA,SDC,ext_mibrizue,mismo dia,30 abr 2026,13:22:54,13:26:08,0:03:14,MLBS407974571,
17445071,DEMANDA,SDC,ext_mibrizue,mismo dia,30 abr 2026,13:26:07,13:27:07,0:01:00,MLBS408165638,
17445091,DEMANDA,SCP,ext_mibrizue,mismo dia,30 abr 2026,13:33:46,13:35:49,0:02:03,MLB4643422557,
17445095,DEMANDA,SCP,ext_mibrizue,mismo dia,30 abr 2026,13:35:49,13:37:27,0:01:38,MLM2899412337,
17445103,DEMANDA,SCP,ext_mibrizue,mismo dia,30 abr 2026,13:37:27,13:40:45,0:03:18,MLM2839641499,
17445170,DEMANDA,SCP,ext_mibrizue,mismo dia,30 abr 2026,13:40:45,13:42:29,0:01:44,MLB6694164224,
17445300,DEMANDA,SCP,ext_mibrizue,mismo dia,30 abr 2026,14:10:41,14:46:40,0:35:59,MLB4643325803,
17445934,DEMANDA,SDC,ext_mibrizue,mismo dia,30 abr 2026,14:46:40,14:48:04,0:01:24,MLBS408208030,
17445950,DEMANDA,SCP,ext_mibrizue,mismo dia,30 abr 2026,14:48:04,14:49:51,0:01:47,MCO1921532057,
17445963,DEMANDA,SCP,ext_mibrizue,mismo dia,30 abr 2026,14:49:51,14:52:18,0:02:27,MLB6694474604,
17445976,DEMANDA,SDC,ext_mibrizue,mismo dia,30 abr 2026,14:52:18,14:52:51,0:00:33,MLMS408216160,
17444974,DEMANDA,SCP,ext_mibrizue,mismo dia,30 abr 2026,13:05:05,14:53:57,1:48:52,MCO3905351292,
17445989,DEMANDA,SCP,ext_mibrizue,mismo dia,30 abr 2026,14:53:57,15:12:13,0:18:16,MLB6695339328,
17361373,ENHANCEMENT,MAO,ext_mibrizue,mismo dia,30 abr 2026,15:12:14,15:16:24,0:04:10,null,
17444945,DEMANDA,SCP,ext_mibrizue,mismo dia,30 abr 2026,12:59:20,15:18:40,2:19:20,MLU1306215764,
17361336,ENHANCEMENT,MAO,ext_mibrizue,mismo dia,30 abr 2026,15:18:40,15:21:28,0:02:48,null,
17361675,ENHANCEMENT,MAO,ext_mibrizue,mismo dia,30 abr 2026,15:21:28,15:30:05,0:08:37,null,
17446336,DEMANDA,SDC,ext_mibrizue,mismo dia,30 abr 2026,15:40:16,15:41:03,0:00:47,MLAS408061039,
17361301,ENHANCEMENT,MAO,ext_mibrizue,mismo dia,30 abr 2026,15:43:48,15:47:53,0:04:05,null,
17361944,ENHANCEMENT,MAO,ext_mibrizue,mismo dia,30 abr 2026,15:48:35,15:52:34,0:03:59,null,
17446466,DEMANDA,SCP,ext_mibrizue,mismo dia,30 abr 2026,15:57:53,15:58:53,0:01:00,MLB6696695952,
17361999,ENHANCEMENT,MAO,ext_mibrizue,mismo dia,30 abr 2026,15:59:13,16:01:52,0:02:39,null,
17446500,DEMANDA,SCP,ext_mibrizue,mismo dia,30 abr 2026,16:01:52,16:05:53,0:04:01,MLM2901462397,
17361873,ENHANCEMENT,MAO,ext_mibrizue,mismo dia,30 abr 2026,16:05:54,16:06:32,0:00:38,null,
17361868,ENHANCEMENT,MAO,ext_mibrizue,mismo dia,30 abr 2026,16:06:32,16:15:06,0:08:34,null,
17446533,DEMANDA,SDC,ext_mibrizue,mismo dia,30 abr 2026,16:15:06,16:18:03,0:02:57,MLMS408222030,
17446681,DEMANDA,SCP,ext_mibrizue,mismo dia,30 abr 2026,16:18:03,16:19:01,0:00:58,MLA1771103243,
17446690,DEMANDA,SCP,ext_mibrizue,mismo dia,30 abr 2026,16:19:01,16:19:51,0:00:50,MLB6696009034,
17397234,ENHANCEMENT,MAO,ext_mibrizue,mismo dia,30 abr 2026,16:50:44,16:57:22,0:06:38,null,
17446951,DEMANDA,SDC,ext_mibrizue,mismo dia,30 abr 2026,16:57:22,16:58:19,0:00:57,MLMS408154243,
17397215,ENHANCEMENT,MAO,ext_mibrizue,mismo dia,30 abr 2026,16:58:20,17:00:06,0:01:46,null,
17446314,DEMANDA,SCP,ext_mibrizue,mismo dia,30 abr 2026,15:35:59,17:31:23,1:55:24,MLA3256696852,
17447320,DEMANDA,SDC,ext_mibrizue,mismo dia,30 abr 2026,17:36:54,17:38:27,0:01:33,MLBS408156785,
17397671,ENHANCEMENT,MAO,ext_mibrizue,mismo dia,30 abr 2026,17:38:28,17:42:20,0:03:52,null,
17397803,ENHANCEMENT,MAO,ext_mibrizue,mismo dia,30 abr 2026,17:47:38,17:54:26,0:06:48,null,
17397790,ENHANCEMENT,MAO,ext_mibrizue,mismo dia,30 abr 2026,18:00:19,18:01:21,0:01:02,null,
17447445,DEMANDA,SDC,ext_mibrizue,mismo dia,30 abr 2026,18:01:21,18:02:43,0:01:22,MLBS408388076,
17447452,DEMANDA,SDC,ext_mibrizue,mismo dia,30 abr 2026,18:02:43,18:04:02,0:01:19,MLAS408403770,
17447458,DEMANDA,SDC,ext_mibrizue,mismo dia,30 abr 2026,18:04:02,18:04:20,0:00:18,MLMS408408890,
17447472,DEMANDA,ENHANCED CONTENT,ext_mibrizue,mismo dia,30 abr 2026,18:04:21,18:04:47,0:00:26,https://catalog-domains.adminml.com/catalogo/marcas/plantillas/revisor/6622ca08-b74c-420d-99e4-5d30855897b3,
17447455,DEMANDA,SDC,ext_mibrizue,mismo dia,30 abr 2026,18:04:47,18:07:37,0:02:50,MLMS408219693,
17447477,DEMANDA,ENHANCED CONTENT,ext_mibrizue,mismo dia,30 abr 2026,18:07:37,18:07:51,0:00:14,https://catalog-domains.adminml.com/catalogo/marcas/plantillas/revisor/4415de6c-3285-423b-9278-19bbde2f4459,
17447501,DEMANDA,ENHANCED CONTENT,ext_mibrizue,mismo dia,30 abr 2026,18:07:52,18:08:14,0:00:22,https://catalog-domains.adminml.com/catalogo/marcas/plantillas/revisor/ca7c74f0-0e97-4c6b-9012-ed244fc74b05,
17447627,DEMANDA,SDC,ext_matvalle,mismo dia,4 may 2026,9:31:26,9:33:42,0:02:16,MLBS408221811,esta ok descarte?
17447963,DEMANDA,SDC,ext_matvalle,mismo dia,4 may 2026,9:33:42,9:34:41,0:00:59,MLBS408448014,
17447804,DEMANDA,SDC,ext_matvalle,mismo dia,4 may 2026,9:34:41,9:39:12,0:04:31,MLBS408461340,
17448057,DEMANDA,SDC,ext_matvalle,mismo dia,4 may 2026,9:39:12,9:44:15,0:05:03,MLBS408492000,
17447986,DEMANDA,SCP,ext_matvalle,mismo dia,4 may 2026,9:44:15,9:47:20,0:03:05,MLM5274115708,
17448266,DEMANDA,SCP,ext_matvalle,mismo dia,4 may 2026,9:47:20,9:49:50,0:02:30,MLA1771209001,
17448421,DEMANDA,SCP,ext_matvalle,mismo dia,4 may 2026,9:49:51,9:51:01,0:01:10,MLB6589235730,
17448603,DEMANDA,SDC,ext_matvalle,mismo dia,4 may 2026,9:51:01,9:51:43,0:00:42,MLBS408381887,
17448592,DEMANDA,SDC,ext_matvalle,mismo dia,4 may 2026,9:51:44,9:53:00,0:01:16,MLBS408573712,
17448526,DEMANDA,SCP,ext_matvalle,mismo dia,4 may 2026,9:53:00,9:54:07,0:01:07,MLM2901905141,
17448560,DEMANDA,SCP,ext_matvalle,mismo dia,4 may 2026,9:54:37,9:55:32,0:00:55,CBT3949484110,
17448588,DEMANDA,SCP,ext_matvalle,mismo dia,4 may 2026,9:55:32,9:57:09,0:01:37,MLB6699846096,
17449198,DEMANDA,SCP,ext_matvalle,mismo dia,4 may 2026,9:57:09,9:58:26,0:01:17,MLM2901958097,
17449385,DEMANDA,SCP,ext_matvalle,mismo dia,4 may 2026,9:58:26,9:59:35,0:01:09,MLA1771012521,
17453745,DEMANDA,SDC,ext_matvalle,mismo dia,4 may 2026,10:20:05,10:21:04,0:00:59,MLBS408431233,
17453804,DEMANDA,SDC,ext_matvalle,mismo dia,4 may 2026,10:21:04,10:21:29,0:00:25,MLBS408433877,
17453785,DEMANDA,SDC,ext_matvalle,mismo dia,4 may 2026,10:21:29,10:22:12,0:00:43,MLBS408434039,
17453843,DEMANDA,SDC,ext_matvalle,mismo dia,4 may 2026,10:22:12,10:22:42,0:00:30,MLBS408629304,
17453874,DEMANDA,SDC,ext_matvalle,mismo dia,4 may 2026,10:22:56,10:23:54,0:00:58,MLBS408445807,
17453890,DEMANDA,SDC,ext_matvalle,mismo dia,4 may 2026,10:23:54,10:24:22,0:00:28,MLBS408646204,
17453730,DEMANDA,SCP,ext_matvalle,mismo dia,4 may 2026,10:24:23,10:25:47,0:01:24,MLB4647441903,
17453948,DEMANDA,SDC,ext_matvalle,mismo dia,4 may 2026,10:26:20,10:27:42,0:01:22,MLBS408460513,
17454016,DEMANDA,SDC,ext_matvalle,mismo dia,4 may 2026,10:27:42,10:28:43,0:01:01,MLAS408667528,
17469229,DEMANDA,ENHANCED CONTENT,ext_matvalle,mismo dia,4 may 2026,10:28:43,10:29:41,0:00:58,https://catalog-domains.adminml.com/catalogo/marcas/plantillas/revisor/7ecf0b9d-dce7-4e5f-922f-12697380ee32,
17454068,DEMANDA,SDC,ext_matvalle,mismo dia,4 may 2026,10:29:41,10:31:04,0:01:23,MLBS408673540,
17454148,DEMANDA,SDC,ext_matvalle,mismo dia,4 may 2026,10:31:04,10:32:56,0:01:52,MCOS408673878,
17453997,DEMANDA,SCP,ext_matvalle,mismo dia,4 may 2026,10:33:38,10:36:20,0:02:42,MLB6702989290,
17454082,DEMANDA,SCP,ext_matvalle,mismo dia,4 may 2026,10:36:21,10:38:26,0:02:05,MLM2903126077,
17454185,DEMANDA,SCP,ext_matvalle,mismo dia,4 may 2026,10:38:26,10:40:06,0:01:40,MLB6703214136,
17455391,DEMANDA,SCP,ext_matvalle,mismo dia,4 may 2026,11:16:16,11:17:12,0:00:56,MLC1946251707,
17455535,DEMANDA,SDC,ext_matvalle,mismo dia,4 may 2026,11:17:12,11:17:42,0:00:30,MLCS408498031,
17455504,DEMANDA,SDC,ext_matvalle,mismo dia,4 may 2026,11:18:22,11:19:32,0:01:10,MLBS408497677,
17455624,DEMANDA,SDC,ext_matvalle,mismo dia,4 may 2026,11:19:59,11:22:27,0:02:28,MLBS408498399,
17455477,DEMANDA,SCP,ext_matvalle,mismo dia,4 may 2026,11:23:23,11:24:24,0:01:01,MLB4648798489,
17456186,DEMANDA,SDC,ext_matvalle,mismo dia,4 may 2026,11:49:46,11:50:27,0:00:41,MLBS408705556,
17456115,DEMANDA,SDC,ext_matvalle,mismo dia,4 may 2026,11:50:27,11:53:31,0:03:04,MLAS408704160,
17456258,DEMANDA,SDC,ext_matvalle,mismo dia,4 may 2026,11:53:32,11:54:00,0:00:28,MLCS408715826,
17456219,DEMANDA,SCP,ext_matvalle,mismo dia,4 may 2026,11:54:00,11:55:12,0:01:12,MLB4649390243,
17456238,DEMANDA,SCP,ext_matvalle,mismo dia,4 may 2026,11:55:12,11:55:51,0:00:39,MLB4649442305,
17456319,DEMANDA,SDC,ext_matvalle,mismo dia,4 may 2026,11:55:51,11:56:54,0:01:03,MLBS408715886,
17456253,DEMANDA,SCP,ext_matvalle,mismo dia,4 may 2026,11:56:54,11:57:54,0:01:00,MLB4649433993,
17456352,DEMANDA,SDC,ext_matvalle,mismo dia,4 may 2026,11:57:54,11:58:27,0:00:33,MLCS408789792,
17456369,DEMANDA,SDC,ext_matvalle,mismo dia,4 may 2026,11:59:24,11:59:52,0:00:28,MLMS408597877,
17456470,DEMANDA,SDC,ext_matvalle,mismo dia,4 may 2026,12:03:43,12:05:27,0:01:44,MLBS408611765,
17456513,DEMANDA,SDC,ext_matvalle,mismo dia,4 may 2026,12:05:28,12:06:35,0:01:07,MLBS408612863,
17456522,DEMANDA,SDC,ext_matvalle,mismo dia,4 may 2026,12:06:35,12:07:08,0:00:33,MLBS408612881,
17456578,DEMANDA,SDC,ext_matvalle,mismo dia,4 may 2026,12:07:09,12:14:59,0:07:50,MLAS408810480,
17456977,DEMANDA,SCP,ext_matvalle,mismo dia,4 may 2026,12:14:59,12:16:44,0:01:45,MLM5111519086,
17457410,DEMANDA,SDC,ext_matvalle,mismo dia,4 may 2026,12:16:44,12:17:18,0:00:34,MLAS408818264,
17469919,DEMANDA,ENHANCED CONTENT,ext_matvalle,mismo dia,4 may 2026,12:20:42,12:21:02,0:00:20,https://catalog-domains.adminml.com/catalogo/marcas/plantillas/revisor/72a04555-77f6-45f2-8f6c-609397c81e3e,
17457479,DEMANDA,SCP,ext_matvalle,mismo dia,4 may 2026,12:21:02,12:22:17,0:01:15,MLB4547062105,
17457520,DEMANDA,SCP,ext_matvalle,mismo dia,4 may 2026,12:22:17,12:30:02,0:07:45,MLA1773642863,
17459368,DEMANDA,SDC,ext_matvalle,mismo dia,4 may 2026,12:30:03,12:30:50,0:00:47,MLBS408663199,
17459406,DEMANDA,SDC,ext_matvalle,mismo dia,4 may 2026,12:31:26,12:32:06,0:00:40,MLBS408864066,
17459419,DEMANDA,SDC,ext_matvalle,mismo dia,4 may 2026,12:32:06,12:34:15,0:02:09,MLBS408675371,
17459478,DEMANDA,SDC,ext_matvalle,mismo dia,4 may 2026,12:35:25,12:35:54,0:00:29,MLBS408881244,
17459484,DEMANDA,SDC,ext_matvalle,mismo dia,4 may 2026,12:35:54,12:36:40,0:00:46,MLBS408881552,
17459516,DEMANDA,SDC,ext_matvalle,mismo dia,4 may 2026,12:39:29,12:40:17,0:00:48,MPES408686889,
17459509,DEMANDA,SDC,ext_matvalle,mismo dia,4 may 2026,12:40:17,12:41:26,0:01:09,MLBS408886590,
17469065,DEMANDA,SDC,ext_matvalle,mismo dia,4 may 2026,14:15:30,14:16:04,0:00:34,MLBS408726767,
17468902,DEMANDA,SCP,ext_matvalle,mismo dia,4 may 2026,14:16:04,14:21:32,0:05:28,MLB6711606716,
17469526,DEMANDA,SDC,ext_matvalle,mismo dia,4 may 2026,14:21:32,14:22:15,0:00:43,MLAS408923154,
17469418,DEMANDA,SDC,ext_matvalle,mismo dia,4 may 2026,14:22:15,14:22:57,0:00:42,MLBS408729171,
17468964,DEMANDA,SCP,ext_matvalle,mismo dia,4 may 2026,14:22:57,14:26:26,0:03:29,MLB6699181698,
17469596,DEMANDA,SDC,ext_matvalle,mismo dia,4 may 2026,14:26:26,14:28:12,0:01:46,MLBS408735201,
17469254,DEMANDA,SCP,ext_matvalle,mismo dia,4 may 2026,14:28:48,14:29:51,0:01:03,MLA3236128826,
17469948,DEMANDA,SDC,ext_matvalle,mismo dia,4 may 2026,14:33:13,14:36:14,0:03:01,MLBS408928868,
17470041,DEMANDA,SDC,ext_matvalle,mismo dia,4 may 2026,14:36:14,14:37:43,0:01:29,MLBS408739983,
17470014,DEMANDA,SDC,ext_matvalle,mismo dia,4 may 2026,14:37:43,14:38:37,0:00:54,MLBS408738397,
17470037,DEMANDA,SDC,ext_matvalle,mismo dia,4 may 2026,14:38:38,14:39:14,0:00:36,MLBS408933600,
17469509,DEMANDA,SCP,ext_matvalle,mismo dia,4 may 2026,14:39:15,14:40:37,0:01:22,MLB4652325085,
17470910,DEMANDA,SDC,ext_matvalle,mismo dia,4 may 2026,14:40:37,14:41:33,0:00:56,MLBS408065782,
17469516,DEMANDA,SCP,ext_matvalle,mismo dia,4 may 2026,14:41:33,14:42:35,0:01:02,MLB6712138214,
17470124,DEMANDA,SDC,ext_matvalle,mismo dia,4 may 2026,14:42:35,14:43:30,0:00:55,MLBS408743979,
17469559,DEMANDA,SCP,ext_matvalle,mismo dia,4 may 2026,14:43:30,15:23:23,0:39:53,MLB6170230290,
17471328,DEMANDA,ENHANCED CONTENT,ext_matvalle,mismo dia,4 may 2026,15:23:24,15:23:40,0:00:16,https://catalog-domains.adminml.com/catalogo/marcas/plantillas/revisor/b0d0c055-fb30-401a-a2d5-abda4c1e9f9f,
17470945,DEMANDA,SCP,ext_matvalle,mismo dia,4 may 2026,15:23:40,15:24:39,0:00:59,MLB6712475020,
17470963,DEMANDA,SCP,ext_matvalle,mismo dia,4 may 2026,15:24:39,15:25:34,0:00:55,MLM2907473307,
17471383,DEMANDA,SDC,ext_matvalle,mismo dia,4 may 2026,15:28:01,15:28:36,0:00:35,MLBS408820229,
17472336,DEMANDA,SDC,ext_matvalle,mismo dia,4 may 2026,16:26:44,16:27:20,0:00:36,MLAS409053142,
17472350,DEMANDA,SCP,ext_matvalle,mismo dia,4 may 2026,16:27:20,16:28:18,0:00:58,MLB4653014145,
17397706,ENHANCEMENT,MAO,ext_matvalle,mismo dia,4 may 2026,16:28:19,16:28:59,0:00:40,null,
17397797,ENHANCEMENT,MAO,ext_matvalle,mismo dia,4 may 2026,16:28:59,16:40:34,0:11:35,#N/A,
17472708,DEMANDA,SCP,ext_matvalle,mismo dia,4 may 2026,17:19:43,17:25:40,0:05:57,MLM5065143988,
17398182,ENHANCEMENT,MAO,ext_matvalle,mismo dia,4 may 2026,17:33:32,17:34:31,0:00:59,null,
17472790,DEMANDA,SDC,ext_matvalle,mismo dia,4 may 2026,17:36:45,17:37:56,0:01:11,MLBS409069528,
17398165,ENHANCEMENT,MAO,ext_matvalle,mismo dia,4 may 2026,17:37:57,17:49:04,0:11:07,null,
17398108,ENHANCEMENT,MAO,ext_matvalle,mismo dia,4 may 2026,17:49:05,17:50:20,0:01:15,null,
17472857,DEMANDA,SDC,ext_matvalle,mismo dia,4 may 2026,17:50:20,17:51:28,0:01:08,MLBS406206009,
17472885,DEMANDA,SDC,ext_matvalle,mismo dia,4 may 2026,17:57:18,17:59:19,0:02:01,MLBS408894859,
17472776,DEMANDA,ENHANCED CONTENT,ext_matvalle,mismo dia,4 may 2026,17:59:20,17:59:39,0:00:19,https://catalog-domains.adminml.com/catalogo/marcas/plantillas/revisor/6af9d88d-6aa3-472c-b334-e1fc378a4073,
17447646,DEMANDA,SDC,ext_mibrizue,mismo dia,4 may 2026,9:29:43,9:33:50,0:04:07,MLBS408146847,
17447728,DEMANDA,SDC,ext_mibrizue,mismo dia,4 may 2026,9:33:50,9:34:21,0:00:31,MLBS408258063,0.35
17448303,DEMANDA,SDC,ext_mibrizue,mismo dia,4 may 2026,9:42:00,9:42:18,0:00:18,MLBS408356515,0.3
17447738,DEMANDA,SDC,ext_mibrizue,mismo dia,4 may 2026,9:42:18,9:46:15,0:03:57,MLAS408265313,
17448416,DEMANDA,SDC,ext_mibrizue,mismo dia,4 may 2026,9:46:15,9:46:44,0:00:29,MLMS408366033,0.28
17448576,DEMANDA,SDC,ext_mibrizue,mismo dia,4 may 2026,9:51:15,9:51:37,0:00:22,MLCS408373195,
17448611,DEMANDA,SDC,ext_mibrizue,mismo dia,4 may 2026,9:51:37,9:52:08,0:00:31,MLCS408573722,
17449530,DEMANDA,SDC,ext_mibrizue,mismo dia,4 may 2026,9:52:08,9:53:16,0:01:08,MLBS408578474,
17448535,DEMANDA,SCP,ext_mibrizue,mismo dia,4 may 2026,9:53:16,10:13:41,0:20:25,CBT3949406236,
17452449,DEMANDA,SCP,ext_mibrizue,mismo dia,4 may 2026,10:13:41,10:16:14,0:02:33,MLM2899582315,
17453605,DEMANDA,SDC,ext_mibrizue,mismo dia,4 may 2026,10:16:14,10:22:29,0:06:15,MLBS408423037,
17453828,DEMANDA,SDC,ext_mibrizue,mismo dia,4 may 2026,10:22:29,10:22:56,0:00:27,MLBS408627034,
17454044,DEMANDA,SDC,ext_mibrizue,mismo dia,4 may 2026,10:29:20,10:30:41,0:01:21,MLAS408667378,
17454067,DEMANDA,SDC,ext_mibrizue,mismo dia,4 may 2026,10:30:41,10:40:54,0:10:13,MLMS408669978,
17454345,DEMANDA,SDC,ext_mibrizue,mismo dia,4 may 2026,10:40:54,10:42:29,0:01:35,MLAS408676504,
17454396,DEMANDA,SDC,ext_mibrizue,mismo dia,4 may 2026,10:42:29,10:44:34,0:02:05,MLBS408677248,
17454402,DEMANDA,SDC,ext_mibrizue,mismo dia,4 may 2026,10:44:34,10:47:50,0:03:16,MLBS408678256,
17454490,DEMANDA,SDC,ext_mibrizue,mismo dia,4 may 2026,10:47:50,10:50:44,0:02:54,MLMS408489469,
17454545,DEMANDA,SDC,ext_mibrizue,mismo dia,4 may 2026,10:51:22,10:53:07,0:01:45,MLBS408490625,
17454578,DEMANDA,SDC,ext_mibrizue,mismo dia,4 may 2026,10:53:07,10:56:42,0:03:35,MLUS408682364,
17455800,DEMANDA,SDC,ext_mibrizue,mismo dia,4 may 2026,11:31:11,11:31:26,0:00:15,MLBS408501081,
17455797,DEMANDA,SDC,ext_mibrizue,mismo dia,4 may 2026,11:31:26,11:31:43,0:00:17,MLBS408692576,
17455799,DEMANDA,SDC,ext_mibrizue,mismo dia,4 may 2026,11:31:43,11:33:14,0:01:31,MLBS408501251,
17455771,DEMANDA,SDC,ext_mibrizue,mismo dia,4 may 2026,11:33:30,11:34:04,0:00:34,MCOS408500515,
17455818,DEMANDA,SDC,ext_mibrizue,mismo dia,4 may 2026,11:45:26,11:46:02,0:00:36,MLBS408693326,
17456070,DEMANDA,SDC,ext_mibrizue,mismo dia,4 may 2026,11:46:02,11:51:32,0:05:30,MLAS408704108,
17456190,DEMANDA,SDC,ext_mibrizue,mismo dia,4 may 2026,11:51:32,11:55:48,0:04:16,MLBS408513561,
17456245,DEMANDA,SCP,ext_mibrizue,mismo dia,4 may 2026,11:55:48,12:00:09,0:04:21,MLB4649432493,
17456321,DEMANDA,SCP,ext_mibrizue,mismo dia,4 may 2026,12:00:09,12:04:39,0:04:30,MLB6706734470,
17456450,DEMANDA,SDC,ext_mibrizue,mismo dia,4 may 2026,12:04:39,12:19:27,0:14:48,MLAS408610685,
17457522,DEMANDA,SCP,ext_mibrizue,mismo dia,4 may 2026,12:22:18,12:38:09,0:15:51,MLM5283122570,
17459475,DEMANDA,SDC,ext_mibrizue,mismo dia,4 may 2026,12:38:09,12:39:11,0:01:02,MLBS408672371,
17459518,DEMANDA,SDC,ext_mibrizue,mismo dia,4 may 2026,12:39:11,12:39:54,0:00:43,MLAS408686885,
17459520,DEMANDA,SDC,ext_mibrizue,mismo dia,4 may 2026,12:39:54,12:45:27,0:05:33,MLBS408888138,
17459615,DEMANDA,SDC,ext_mibrizue,mismo dia,4 may 2026,12:45:27,12:51:36,0:06:09,MLMS408902228,
17459650,DEMANDA,SDC,ext_mibrizue,mismo dia,4 may 2026,12:51:36,12:56:38,0:05:02,MLBS408709879,
17459706,DEMANDA,SDC,ext_mibrizue,mismo dia,4 may 2026,13:01:56,13:02:49,0:00:53,MLCS408908960,
17459777,DEMANDA,SDC,ext_mibrizue,mismo dia,4 may 2026,13:02:49,13:04:01,0:01:12,MLBS408720491,
17459809,DEMANDA,SDC,ext_mibrizue,mismo dia,4 may 2026,13:04:01,13:04:24,0:00:23,MLMS408914622,
17459909,DEMANDA,SDC,ext_mibrizue,mismo dia,4 may 2026,14:23:04,14:23:18,0:00:14,MLMS408916050,
17469890,DEMANDA,SDC,ext_mibrizue,mismo dia,4 may 2026,14:36:28,14:37:08,0:00:40,MLUS408738367,
17470036,DEMANDA,SDC,ext_mibrizue,mismo dia,4 may 2026,14:37:08,14:39:08,0:02:00,MLBS408932032,
17469513,DEMANDA,SCP,ext_mibrizue,mismo dia,4 may 2026,14:40:03,14:41:03,0:01:00,MLB4652362023,
17470919,DEMANDA,SDC,ext_mibrizue,mismo dia,4 may 2026,14:41:03,14:41:53,0:00:50,MLMS408703576,
17469963,DEMANDA,SDC,ext_mibrizue,mismo dia,4 may 2026,14:41:53,14:43:41,0:01:48,MLBS408932966,
17470202,DEMANDA,SDC,ext_mibrizue,mismo dia,4 may 2026,14:43:41,14:45:41,0:02:00,MLBS408744611,
17470030,DEMANDA,SDC,ext_mibrizue,mismo dia,4 may 2026,14:45:41,14:48:48,0:03:07,MLMS408744249,
17470097,DEMANDA,SDC,ext_mibrizue,mismo dia,4 may 2026,14:48:48,14:57:03,0:08:15,MLMS408937622,
17471294,DEMANDA,SDC,ext_mibrizue,mismo dia,4 may 2026,15:17:29,15:18:43,0:01:14,MLMS408807685,
17470773,DEMANDA,SCP,ext_mibrizue,mismo dia,4 may 2026,15:18:43,15:21:34,0:02:51,MLB4652717855,
17471067,DEMANDA,SCP,ext_mibrizue,mismo dia,4 may 2026,15:29:07,15:30:00,0:00:53,MLB4652221975,
17471097,DEMANDA,SCP,ext_mibrizue,mismo dia,4 may 2026,15:30:00,15:43:56,0:13:56,MLB4652855489,
17471509,DEMANDA,SCP,ext_mibrizue,mismo dia,4 may 2026,15:45:53,15:46:33,0:00:40,MLB4652932807,
17471528,DEMANDA,SDC,ext_mibrizue,mismo dia,4 may 2026,15:46:33,15:48:02,0:01:29,MLBS408729127,
17471518,DEMANDA,SDC,ext_mibrizue,mismo dia,4 may 2026,15:48:02,15:48:20,0:00:18,MLBS408824673,
17471532,DEMANDA,SDC,ext_mibrizue,mismo dia,4 may 2026,15:48:20,15:49:28,0:01:08,MLCS408826821,
17471547,DEMANDA,SCP,ext_mibrizue,mismo dia,4 may 2026,15:49:28,15:53:33,0:04:05,MLB4652970147,
17471582,DEMANDA,SCP,ext_mibrizue,mismo dia,4 may 2026,15:53:42,15:58:03,0:04:21,MLB6713190298,
17472299,DEMANDA,ENHANCED CONTENT,ext_mibrizue,mismo dia,4 may 2026,16:22:05,16:22:14,0:00:09,https://catalog-domains.adminml.com/catalogo/marcas/plantillas/revisor/872d5e24-c990-4612-907c-23ebf22f1e34,
17397842,ENHANCEMENT,MAO,ext_mibrizue,mismo dia,4 may 2026,16:22:14,16:25:42,0:03:28,null,
17397857,ENHANCEMENT,MAO,ext_mibrizue,mismo dia,4 may 2026,16:25:43,16:26:16,0:00:33,null,
17472320,DEMANDA,SDC,ext_mibrizue,mismo dia,4 may 2026,16:26:16,16:27:13,0:00:57,MLBS409047506,
17472344,DEMANDA,SDC,ext_mibrizue,mismo dia,4 may 2026,16:27:13,16:27:29,0:00:16,MLBS409066988,
17472346,DEMANDA,SDC,ext_mibrizue,mismo dia,4 may 2026,16:27:29,16:29:44,0:02:15,MLBS409082966,
17472364,DEMANDA,ENHANCED CONTENT,ext_mibrizue,mismo dia,4 may 2026,16:29:45,16:30:06,0:00:21,https://catalog-domains.adminml.com/catalogo/marcas/plantillas/revisor/6f4f8ab9-ec74-4827-9965-a4eff5c6fc7e,
17398040,ENHANCEMENT,MAO,ext_mibrizue,mismo dia,4 may 2026,16:39:27,16:40:09,0:00:42,null,
17397955,ENHANCEMENT,MAO,ext_mibrizue,mismo dia,4 may 2026,16:44:27,16:44:52,0:00:25,null,
17472462,DEMANDA,SDC,ext_mibrizue,mismo dia,4 may 2026,16:47:07,16:49:02,0:01:55,MLBS408887711,
17397950,ENHANCEMENT,MAO,ext_mibrizue,mismo dia,4 may 2026,16:49:03,16:50:23,0:01:20,null,
17472528,DEMANDA,SDC,ext_mibrizue,mismo dia,4 may 2026,16:50:23,17:13:14,0:22:51,MLMS408887777,
17472705,DEMANDA,SCP,ext_mibrizue,mismo dia,4 may 2026,17:18:10,17:26:02,0:07:52,MLB4649306787,
17472754,DEMANDA,SDC,ext_mibrizue,mismo dia,4 may 2026,17:30:50,17:31:40,0:00:50,MLMS406484970,
17472766,DEMANDA,SDC,ext_mibrizue,mismo dia,4 may 2026,17:32:14,17:33:29,0:01:15,MLBS409083300,
17398176,ENHANCEMENT,MAO,ext_mibrizue,mismo dia,4 may 2026,17:33:30,17:34:26,0:00:56,null,
17398391,ENHANCEMENT,MAO,ext_mibrizue,mismo dia,4 may 2026,17:34:27,17:41:05,0:06:38,null,
17418719,DEMANDA,SCP,ext_mibrizue,distinto dia,4 may 2026,12:26:33,17:45:26,5:18:53,MLC3915664238,
17398134,ENHANCEMENT,MAO,ext_mibrizue,mismo dia,4 may 2026,17:45:27,17:46:24,0:00:57,null,
17398136,ENHANCEMENT,MAO,ext_mibrizue,mismo dia,4 may 2026,17:46:25,17:51:08,0:04:43,null,
17398426,ENHANCEMENT,MAO,ext_mibrizue,mismo dia,4 may 2026,17:52:36,17:53:24,0:00:48,null,